PetID,Date,ProcedureType,ProcedureSubCode
H8-1429,1/10/2016,VACCINATIONS,5
V7-6771,1/11/2016,VACCINATIONS,5
W9-8307,1/11/2016,VACCINATIONS,5
Q0-8904,1/11/2016,VACCINATIONS,5
S5-5938,1/12/2016,HOSPITALIZATION,1
W7-6372,1/12/2016,VACCINATIONS,5
T8-1754,1/12/2016,VACCINATIONS,5
Q9-1565,1/12/2016,VACCINATIONS,5
Q9-1565,1/12/2016,VACCINATIONS,5
L8-0046,1/12/2016,GENERAL SURGERIES,6
V7-6771,1/12/2016,GENERAL SURGERIES,3
Z4-5652,1/13/2016,VACCINATIONS,5
I7-9550,1/13/2016,VACCINATIONS,5
Z8-4419,1/13/2016,VACCINATIONS,5
U0-5987,1/13/2016,VACCINATIONS,5
L0-6660,1/13/2016,VACCINATIONS,5
R7-4835,1/13/2016,VACCINATIONS,5
Q8-0954,1/13/2016,VACCINATIONS,5
V4-6172,1/13/2016,VACCINATIONS,5
F1-1855,1/13/2016,GENERAL SURGERIES,14
X7-2632,1/13/2016,GROOMING,3
G0-8531,1/13/2016,GROOMING,3
S4-1063,1/13/2016,GROOMING,1
L4-9973,1/14/2016,GROOMING,1
L0-6660,1/15/2016,GENERAL SURGERIES,3
L8-0046,1/16/2016,ORTHOPEDIC,2
U6-4890,1/16/2016,VACCINATIONS,3
L8-0046,1/16/2016,VACCINATIONS,5
I2-7926,1/16/2016,VACCINATIONS,5
L8-9022,1/16/2016,VACCINATIONS,5
U8-6473,1/16/2016,VACCINATIONS,5
O5-2472,1/16/2016,VACCINATIONS,5
R4-6131,1/16/2016,VACCINATIONS,5
H2-8586,1/16/2016,VACCINATIONS,5
L8-9022,1/16/2016,VACCINATIONS,5
O1-7229,1/16/2016,VACCINATIONS,5
W8-5750,1/16/2016,VACCINATIONS,5
N7-6805,1/16/2016,VACCINATIONS,5
Q0-2001,1/16/2016,VACCINATIONS,5
U8-6473,1/16/2016,VACCINATIONS,5
T8-1754,1/16/2016,VACCINATIONS,5
O6-3123,1/16/2016,VACCINATIONS,5
P2-7342,1/16/2016,VACCINATIONS,5
P2-7342,1/16/2016,VACCINATIONS,5
G4-8096,1/16/2016,VACCINATIONS,5
J1-6366,1/16/2016,VACCINATIONS,5
T0-3277,1/16/2016,GENERAL SURGERIES,6
S5-5938,1/16/2016,GROOMING,3
G6-6501,1/16/2016,GROOMING,1
U2-7207,1/16/2016,GROOMING,1
X6-4876,1/16/2016,GROOMING,1
H8-1429,1/17/2016,GROOMING,1
L4-4205,1/17/2016,ORTHOPEDIC,8
L4-2594,1/18/2016,VACCINATIONS,5
V2-4634,1/18/2016,GROOMING,1
M8-7852,1/18/2016,GENERAL SURGERIES,3
M2-1131,1/19/2016,OFFICE FEES,3
Z6-3226,1/19/2016,ORTHOPEDIC,5
K0-8177,1/20/2016,VACCINATIONS,5
X8-8611,1/20/2016,GROOMING,1
X6-4876,1/21/2016,VACCINATIONS,5
L4-9973,1/22/2016,VACCINATIONS,5
M4-9675,1/22/2016,VACCINATIONS,5
I2-7926,1/22/2016,VACCINATIONS,5
F1-1855,1/22/2016,VACCINATIONS,5
S4-0789,1/22/2016,VACCINATIONS,5
O8-2501,1/22/2016,VACCINATIONS,5
S4-1063,1/22/2016,VACCINATIONS,5
O5-2472,1/22/2016,VACCINATIONS,5
U4-5113,1/22/2016,VACCINATIONS,5
V4-6172,1/22/2016,GROOMING,1
J1-6366,1/22/2016,GENERAL SURGERIES,3
O1-7229,1/23/2016,VACCINATIONS,5
L4-2594,1/23/2016,VACCINATIONS,5
J2-4382,1/23/2016,GENERAL SURGERIES,15
S1-2243,1/23/2016,GROOMING,1
K0-8177,1/24/2016,VACCINATIONS,5
G0-8531,1/24/2016,VACCINATIONS,5
S4-2254,1/24/2016,GROOMING,3
Z4-5652,1/25/2016,GENERAL SURGERIES,15
J0-7893,1/25/2016,VACCINATIONS,5
L4-9973,1/26/2016,VACCINATIONS,5
M8-7852,1/26/2016,VACCINATIONS,5
U6-4890,1/26/2016,VACCINATIONS,5
I2-7926,1/26/2016,VACCINATIONS,5
X6-4876,1/26/2016,VACCINATIONS,5
I6-9459,1/26/2016,GROOMING,1
P0-1725,1/26/2016,GENERAL SURGERIES,3
P2-7342,1/27/2016,VACCINATIONS,5
L4-9973,1/27/2016,VACCINATIONS,5
P2-7342,1/27/2016,VACCINATIONS,5
W8-5750,1/27/2016,VACCINATIONS,5
X7-2632,1/27/2016,VACCINATIONS,5
R3-7551,1/27/2016,VACCINATIONS,5
O1-7229,1/27/2016,VACCINATIONS,5
Q9-1565,1/27/2016,VACCINATIONS,5
U2-7207,1/27/2016,VACCINATIONS,5
X8-9212,1/27/2016,VACCINATIONS,5
J0-7893,1/27/2016,VACCINATIONS,5
K4-5012,1/27/2016,VACCINATIONS,5
U4-5113,1/27/2016,VACCINATIONS,5
S4-4013,1/27/2016,GENERAL SURGERIES,1
U6-4890,1/27/2016,ORTHOPEDIC,5
I6-9459,1/27/2016,GROOMING,3
S4-9578,1/28/2016,VACCINATIONS,5
I5-4893,1/28/2016,VACCINATIONS,5
L4-9973,1/28/2016,OFFICE FEES,3
T8-1754,1/28/2016,GROOMING,3
P9-3625,1/28/2016,GROOMING,3
V2-4634,1/28/2016,GROOMING,1
Q0-3593,1/29/2016,VACCINATIONS,5
G9-0817,1/29/2016,VACCINATIONS,5
X8-9212,1/29/2016,VACCINATIONS,5
K0-8177,1/30/2016,VACCINATIONS,5
I2-7926,1/30/2016,VACCINATIONS,5
X7-2632,1/30/2016,VACCINATIONS,5
Q5-5872,1/30/2016,VACCINATIONS,5
W9-8307,1/30/2016,VACCINATIONS,5
P2-7342,1/30/2016,VACCINATIONS,5
U0-5987,1/30/2016,VACCINATIONS,5
X8-8611,1/30/2016,VACCINATIONS,5
X0-8765,1/30/2016,HOSPITALIZATION,1
O6-3123,1/30/2016,GENERAL SURGERIES,18
S4-0789,1/30/2016,GROOMING,2
X8-8611,1/30/2016,ORTHOPEDIC,7
J6-8562,1/30/2016,GENERAL SURGERIES,19
Q8-8753,1/30/2016,OFFICE FEES,2
R4-6131,1/30/2016,GROOMING,3
P1-2578,1/30/2016,GENERAL SURGERIES,3
Q0-3593,1/31/2016,VACCINATIONS,5
U6-4890,1/31/2016,VACCINATIONS,5
G4-8096,1/31/2016,VACCINATIONS,5
U6-4890,1/31/2016,VACCINATIONS,5
L2-1834,1/31/2016,VACCINATIONS,5
W7-6372,1/31/2016,VACCINATIONS,5
Q0-8904,1/31/2016,VACCINATIONS,5
F2-3235,1/31/2016,VACCINATIONS,5
U0-5987,1/31/2016,GENERAL SURGERIES,3
P9-6519,1/31/2016,GENERAL SURGERIES,3
R7-4835,2/1/2016,GROOMING,3
L0-6660,2/1/2016,VACCINATIONS,5
L8-0046,2/1/2016,VACCINATIONS,5
G0-7675,2/1/2016,VACCINATIONS,5
Q8-3145,2/1/2016,VACCINATIONS,5
R3-7551,2/1/2016,VACCINATIONS,5
K4-5012,2/1/2016,VACCINATIONS,5
U4-6674,2/1/2016,VACCINATIONS,5
W8-5750,2/1/2016,VACCINATIONS,5
Z4-4045,2/1/2016,VACCINATIONS,5
L4-9973,2/1/2016,VACCINATIONS,5
N6-7350,2/1/2016,VACCINATIONS,5
Q0-2001,2/1/2016,VACCINATIONS,5
Q8-8753,2/1/2016,VACCINATIONS,5
Z4-5652,2/1/2016,VACCINATIONS,5
Q0-3593,2/1/2016,VACCINATIONS,5
M8-7852,2/1/2016,VACCINATIONS,5
Z6-3226,2/1/2016,VACCINATIONS,5
L4-6292,2/1/2016,VACCINATIONS,5
L4-4030,2/1/2016,GENERAL SURGERIES,6
I2-7926,2/1/2016,GROOMING,3
P1-2578,2/1/2016,GROOMING,1
U4-5113,2/1/2016,GENERAL SURGERIES,3
I5-4893,2/1/2016,GENERAL SURGERIES,3
J2-4382,2/1/2016,GENERAL SURGERIES,3
R4-6131,2/2/2016,ORTHOPEDIC,6
L4-4030,2/2/2016,VACCINATIONS,5
S4-4013,2/2/2016,VACCINATIONS,5
M2-1131,2/2/2016,VACCINATIONS,5
L8-0046,2/2/2016,VACCINATIONS,5
O1-7229,2/2/2016,VACCINATIONS,5
J8-7429,2/2/2016,VACCINATIONS,5
S4-9578,2/2/2016,VACCINATIONS,5
J6-8562,2/2/2016,VACCINATIONS,5
Q5-5872,2/2/2016,VACCINATIONS,5
Q8-3145,2/2/2016,VACCINATIONS,5
P1-2578,2/2/2016,VACCINATIONS,5
J0-7893,2/2/2016,VACCINATIONS,5
K0-8177,2/2/2016,GENERAL SURGERIES,16
P7-2443,2/2/2016,GENERAL SURGERIES,6
O8-2501,2/2/2016,GENERAL SURGERIES,15
Q0-2001,2/2/2016,GROOMING,3
O5-2472,2/2/2016,GROOMING,3
O6-3123,2/2/2016,GROOMING,3
P2-7342,2/2/2016,GROOMING,3
H8-8856,2/2/2016,GROOMING,1
N8-0553,2/2/2016,GROOMING,1
Q0-8904,2/2/2016,GROOMING,1
V4-6172,2/2/2016,GENERAL SURGERIES,3
Q8-8753,2/2/2016,GENERAL SURGERIES,3
L8-0046,2/3/2016,GENERAL SURGERIES,13
Q8-0954,2/3/2016,VACCINATIONS,5
X8-9212,2/3/2016,VACCINATIONS,5
U4-5113,2/3/2016,VACCINATIONS,5
I2-7926,2/3/2016,VACCINATIONS,5
S4-4013,2/3/2016,VACCINATIONS,5
U4-9376,2/3/2016,VACCINATIONS,5
U4-5113,2/3/2016,VACCINATIONS,5
J2-3320,2/3/2016,VACCINATIONS,5
O3-1895,2/3/2016,VACCINATIONS,5
S1-2243,2/3/2016,VACCINATIONS,5
Q0-3593,2/3/2016,VACCINATIONS,5
Q8-8753,2/3/2016,VACCINATIONS,5
Q2-3642,2/3/2016,VACCINATIONS,5
Q8-8753,2/3/2016,VACCINATIONS,5
N8-0553,2/3/2016,VACCINATIONS,5
O5-2472,2/3/2016,VACCINATIONS,5
F2-3235,2/3/2016,VACCINATIONS,5
H8-8856,2/3/2016,VACCINATIONS,5
F2-3235,2/3/2016,VACCINATIONS,5
J2-4382,2/3/2016,VACCINATIONS,5
T0-3277,2/3/2016,VACCINATIONS,5
T0-5705,2/3/2016,VACCINATIONS,5
X7-2632,2/3/2016,VACCINATIONS,5
Q5-5872,2/3/2016,VACCINATIONS,5
G0-8531,2/3/2016,VACCINATIONS,5
W7-6372,2/3/2016,VACCINATIONS,5
J2-4382,2/3/2016,VACCINATIONS,5
Q5-5872,2/3/2016,VACCINATIONS,5
S4-4013,2/3/2016,VACCINATIONS,5
J8-7429,2/3/2016,VACCINATIONS,5
F2-3235,2/3/2016,VACCINATIONS,5
I7-9550,2/3/2016,VACCINATIONS,3
X8-8611,2/3/2016,VACCINATIONS,4
X6-4876,2/3/2016,GENERAL SURGERIES,7
I7-9550,2/3/2016,GENERAL SURGERIES,9
J2-4382,2/3/2016,OFFICE FEES,1
P9-6519,2/3/2016,GROOMING,1
S4-4013,2/3/2016,GROOMING,3
Q8-8753,2/3/2016,GENERAL SURGERIES,19
T2-2142,2/3/2016,GROOMING,3
Q8-3145,2/3/2016,GROOMING,3
O8-2501,2/3/2016,GROOMING,3
P7-2443,2/3/2016,GROOMING,3
X8-8611,2/3/2016,GROOMING,1
O6-3123,2/4/2016,ORTHOPEDIC,5
U6-4890,2/4/2016,GENERAL SURGERIES,16
J2-3320,2/4/2016,VACCINATIONS,5
S5-5938,2/4/2016,ORTHOPEDIC,5
X8-8611,2/4/2016,VACCINATIONS,5
P9-6519,2/4/2016,VACCINATIONS,5
V4-6172,2/4/2016,VACCINATIONS,5
U6-4890,2/4/2016,VACCINATIONS,5
I6-9459,2/4/2016,VACCINATIONS,5
K0-8177,2/4/2016,VACCINATIONS,5
V2-4634,2/4/2016,VACCINATIONS,5
W9-8307,2/4/2016,VACCINATIONS,5
L8-9022,2/4/2016,VACCINATIONS,5
G0-8531,2/4/2016,VACCINATIONS,5
M2-1131,2/4/2016,VACCINATIONS,5
Z8-4419,2/4/2016,VACCINATIONS,5
U0-5987,2/4/2016,VACCINATIONS,5
K0-8177,2/4/2016,VACCINATIONS,5
U2-7207,2/4/2016,VACCINATIONS,5
Z4-4045,2/4/2016,VACCINATIONS,5
P7-2443,2/4/2016,VACCINATIONS,5
T8-1754,2/4/2016,VACCINATIONS,5
N8-0553,2/4/2016,VACCINATIONS,5
N6-7350,2/4/2016,VACCINATIONS,5
U0-5987,2/4/2016,VACCINATIONS,5
G9-0817,2/4/2016,VACCINATIONS,5
L4-2594,2/4/2016,VACCINATIONS,5
Z8-4419,2/4/2016,VACCINATIONS,5
G9-0817,2/4/2016,VACCINATIONS,5
R3-7551,2/4/2016,VACCINATIONS,5
O8-2501,2/4/2016,VACCINATIONS,5
U8-6473,2/4/2016,VACCINATIONS,5
V7-6771,2/4/2016,VACCINATIONS,5
U2-7207,2/4/2016,VACCINATIONS,5
L4-2594,2/4/2016,VACCINATIONS,5
F2-3235,2/4/2016,VACCINATIONS,5
P1-2578,2/4/2016,VACCINATIONS,5
U0-5987,2/4/2016,VACCINATIONS,5
V5-2342,2/4/2016,VACCINATIONS,5
O5-2472,2/4/2016,VACCINATIONS,5
J8-7429,2/4/2016,VACCINATIONS,5
J2-4382,2/4/2016,VACCINATIONS,5
L4-6292,2/4/2016,VACCINATIONS,5
X6-4876,2/4/2016,VACCINATIONS,5
X0-8765,2/4/2016,VACCINATIONS,5
W7-6372,2/4/2016,GENERAL SURGERIES,4
Q9-1565,2/4/2016,GENERAL SURGERIES,15
M4-9675,2/4/2016,GENERAL SURGERIES,18
Q0-2001,2/4/2016,GROOMING,2
I2-7926,2/4/2016,GENERAL SURGERIES,6
N6-7350,2/4/2016,GENERAL SURGERIES,15
O8-2501,2/4/2016,VACCINATIONS,4
N6-7350,2/4/2016,OFFICE FEES,1
H8-1429,2/4/2016,VACCINATIONS,1
P2-7342,2/4/2016,OFFICE FEES,2
N6-7350,2/4/2016,ORTHOPEDIC,6
N0-9539,2/4/2016,GROOMING,3
O5-2472,2/4/2016,GROOMING,3
V4-6172,2/4/2016,GROOMING,3
R4-6131,2/4/2016,GROOMING,3
X7-2632,2/4/2016,GROOMING,1
Q2-3642,2/4/2016,GROOMING,1
Q9-1565,2/4/2016,GROOMING,1
Q5-5872,2/4/2016,GROOMING,1
Q8-3145,2/4/2016,GROOMING,1
G6-6501,2/4/2016,GENERAL SURGERIES,3
X6-4876,2/4/2016,GENERAL SURGERIES,3
J1-6366,2/4/2016,GENERAL SURGERIES,3
L4-2594,2/5/2016,VACCINATIONS,5
J0-7893,2/5/2016,VACCINATIONS,5
U6-4890,2/5/2016,VACCINATIONS,5
Q5-5872,2/5/2016,VACCINATIONS,5
M8-7852,2/5/2016,VACCINATIONS,5
O6-3123,2/5/2016,VACCINATIONS,5
V2-4634,2/5/2016,VACCINATIONS,5
K0-8177,2/5/2016,VACCINATIONS,5
J6-8562,2/5/2016,VACCINATIONS,5
Q5-5872,2/5/2016,VACCINATIONS,5
M8-7852,2/5/2016,VACCINATIONS,5
I7-9550,2/5/2016,VACCINATIONS,5
L4-2594,2/5/2016,VACCINATIONS,5
P9-3625,2/5/2016,VACCINATIONS,5
R7-4835,2/5/2016,VACCINATIONS,5
L2-1834,2/5/2016,VACCINATIONS,5
O6-3123,2/5/2016,VACCINATIONS,5
O6-3123,2/5/2016,VACCINATIONS,5
L4-2594,2/5/2016,OFFICE FEES,2
X6-4876,2/5/2016,ORTHOPEDIC,1
K4-5012,2/5/2016,GROOMING,3
P9-6519,2/5/2016,GROOMING,3
M8-7852,2/5/2016,GROOMING,3
W7-6372,2/5/2016,GROOMING,3
L8-0046,2/5/2016,GROOMING,1
L4-9973,2/5/2016,GENERAL SURGERIES,3
S5-5938,2/5/2016,GENERAL SURGERIES,3
L0-6660,2/6/2016,VACCINATIONS,5
F1-1855,2/6/2016,VACCINATIONS,5
M8-7852,2/6/2016,VACCINATIONS,5
M2-1131,2/7/2016,VACCINATIONS,5
Z4-4045,2/7/2016,VACCINATIONS,5
Z4-5652,2/8/2016,VACCINATIONS,5
P9-6519,2/8/2016,VACCINATIONS,5
P0-1725,2/8/2016,GENERAL SURGERIES,3
H8-1429,2/9/2016,VACCINATIONS,5
L2-1834,2/9/2016,VACCINATIONS,5
M2-1131,2/9/2016,VACCINATIONS,5
I6-9459,2/9/2016,VACCINATIONS,5
I7-9550,2/9/2016,VACCINATIONS,5
P2-7342,2/9/2016,GROOMING,3
Q8-0954,2/10/2016,VACCINATIONS,5
L8-0046,2/10/2016,VACCINATIONS,5
W7-6372,2/10/2016,VACCINATIONS,5
H8-8856,2/10/2016,VACCINATIONS,5
M4-9675,2/10/2016,VACCINATIONS,5
Q8-8753,2/11/2016,VACCINATIONS,5
M2-1131,2/11/2016,VACCINATIONS,5
X0-8765,2/11/2016,ORTHOPEDIC,3
Q9-1565,2/11/2016,GENERAL SURGERIES,2
U4-6674,2/11/2016,GROOMING,3
L8-0046,2/12/2016,VACCINATIONS,5
Q9-1565,2/12/2016,VACCINATIONS,5
O1-7229,2/12/2016,VACCINATIONS,5
N8-0553,2/12/2016,VACCINATIONS,5
O1-7229,2/12/2016,VACCINATIONS,5
S4-4013,2/12/2016,VACCINATIONS,5
K0-8177,2/12/2016,VACCINATIONS,5
M2-1131,2/12/2016,VACCINATIONS,5
S4-2254,2/12/2016,VACCINATIONS,5
X0-8765,2/12/2016,VACCINATIONS,5
J2-3320,2/12/2016,ORTHOPEDIC,9
Q2-3642,2/12/2016,GENERAL SURGERIES,1
K0-8177,2/12/2016,VACCINATIONS,6
V4-6172,2/12/2016,HOSPITALIZATION,1
T8-1754,2/12/2016,GENERAL SURGERIES,4
F2-3235,2/12/2016,GROOMING,3
W7-6372,2/12/2016,GROOMING,3
X0-8765,2/12/2016,GROOMING,1
U4-6674,2/12/2016,GROOMING,1
N6-7350,2/13/2016,GROOMING,1
X7-2632,2/13/2016,GENERAL SURGERIES,3
S4-0789,2/14/2016,VACCINATIONS,5
Z8-4419,2/14/2016,VACCINATIONS,5
Q8-3145,2/14/2016,VACCINATIONS,5
U6-4890,2/14/2016,VACCINATIONS,5
Q0-3593,2/14/2016,VACCINATIONS,5
N0-9539,2/14/2016,VACCINATIONS,5
J2-4382,2/14/2016,VACCINATIONS,5
O6-3123,2/14/2016,VACCINATIONS,5
P9-6519,2/14/2016,VACCINATIONS,5
M0-2904,2/14/2016,OFFICE FEES,3
W9-8307,2/14/2016,GROOMING,3
X6-4876,2/14/2016,GENERAL SURGERIES,3
I5-4893,2/15/2016,VACCINATIONS,5
U6-4890,2/15/2016,VACCINATIONS,5
X0-8765,2/15/2016,VACCINATIONS,5
Q9-1565,2/15/2016,VACCINATIONS,5
L2-1834,2/15/2016,VACCINATIONS,5
O1-7229,2/15/2016,GENERAL SURGERIES,13
Q8-8753,2/15/2016,ORTHOPEDIC,3
S4-1063,2/15/2016,GROOMING,3
V5-2342,2/15/2016,GROOMING,1
V2-4634,2/16/2016,VACCINATIONS,5
U8-6473,2/17/2016,VACCINATIONS,5
X8-8611,2/17/2016,VACCINATIONS,5
P9-3625,2/17/2016,VACCINATIONS,5
L4-4030,2/17/2016,VACCINATIONS,5
J0-7893,2/17/2016,VACCINATIONS,5
S4-0789,2/17/2016,VACCINATIONS,5
L4-4030,2/17/2016,ORTHOPEDIC,5
S4-0789,2/17/2016,ORTHOPEDIC,2
U2-4205,2/17/2016,GROOMING,3
J6-8562,2/18/2016,VACCINATIONS,5
T0-3277,2/19/2016,VACCINATIONS,5
U4-9376,2/19/2016,ORTHOPEDIC,2
Q9-1565,2/20/2016,VACCINATIONS,5
I5-4893,2/20/2016,VACCINATIONS,5
S4-9578,2/20/2016,VACCINATIONS,5
F2-3235,2/20/2016,GROOMING,3
N7-6805,2/20/2016,GROOMING,3
L4-2594,2/20/2016,GROOMING,1
N0-9539,2/20/2016,GENERAL SURGERIES,3
T2-2142,2/21/2016,VACCINATIONS,5
O6-3123,2/21/2016,GROOMING,1
G4-8096,2/21/2016,GROOMING,1
K0-8177,2/22/2016,VACCINATIONS,5
L4-4030,2/22/2016,VACCINATIONS,5
L4-4030,2/22/2016,GROOMING,3
S4-2254,2/22/2016,GROOMING,3
J8-7429,2/22/2016,GROOMING,1
J8-7429,2/23/2016,VACCINATIONS,5
I6-9459,2/23/2016,VACCINATIONS,5
Q8-3145,2/23/2016,GENERAL SURGERIES,12
G0-8531,2/23/2016,GROOMING,3
S4-4013,2/23/2016,GROOMING,1
T0-5705,2/24/2016,VACCINATIONS,5
O8-0027,2/24/2016,VACCINATIONS,5
F6-5391,2/24/2016,VACCINATIONS,5
W8-5750,2/24/2016,VACCINATIONS,5
Q2-3642,2/24/2016,VACCINATIONS,5
N6-7350,2/24/2016,VACCINATIONS,5
G4-8096,2/24/2016,GROOMING,3
S4-4013,2/24/2016,GROOMING,1
S5-5938,2/24/2016,GENERAL SURGERIES,3
P9-6519,2/25/2016,VACCINATIONS,5
S1-2243,2/26/2016,VACCINATIONS,5
N6-7350,2/26/2016,VACCINATIONS,5
I5-4893,2/26/2016,VACCINATIONS,5
Q8-8753,2/26/2016,VACCINATIONS,5
S4-9578,2/26/2016,GROOMING,1
L2-1834,2/26/2016,GROOMING,1
H8-1429,2/27/2016,GENERAL SURGERIES,9
L8-9022,2/27/2016,VACCINATIONS,5
P1-2578,2/27/2016,VACCINATIONS,5
L2-1834,2/27/2016,VACCINATIONS,5
L8-9022,2/27/2016,VACCINATIONS,5
L2-1834,2/27/2016,GENERAL SURGERIES,6
P0-1725,2/27/2016,GROOMING,1
L0-6660,2/28/2016,VACCINATIONS,5
U4-6674,2/28/2016,VACCINATIONS,5
J2-3320,2/28/2016,VACCINATIONS,5
G4-8096,2/28/2016,VACCINATIONS,5
Q0-8904,2/28/2016,ORTHOPEDIC,4
H8-8856,3/1/2016,VACCINATIONS,5
W8-5750,3/1/2016,GENERAL SURGERIES,7
M8-7852,3/2/2016,VACCINATIONS,5
W7-6372,3/2/2016,VACCINATIONS,5
I6-9459,3/2/2016,GROOMING,3
X0-8765,3/2/2016,GROOMING,1
S4-2254,3/2/2016,GROOMING,1
F6-5391,3/3/2016,VACCINATIONS,5
T0-5705,3/3/2016,VACCINATIONS,5
P1-2578,3/3/2016,VACCINATIONS,5
S4-4013,3/3/2016,VACCINATIONS,5
K0-8177,3/3/2016,VACCINATIONS,5
X8-8611,3/3/2016,VACCINATIONS,5
O8-2501,3/3/2016,VACCINATIONS,5
V4-6172,3/3/2016,VACCINATIONS,5
X7-2632,3/3/2016,VACCINATIONS,5
K4-5012,3/3/2016,VACCINATIONS,5
V4-6172,3/3/2016,VACCINATIONS,5
X7-2632,3/3/2016,VACCINATIONS,5
G9-0817,3/3/2016,VACCINATIONS,2
Q9-1565,3/3/2016,GENERAL SURGERIES,14
U8-6473,3/3/2016,GENERAL SURGERIES,3
S5-5938,3/3/2016,GROOMING,3
U0-5987,3/3/2016,GROOMING,1
Q0-8904,3/3/2016,GROOMING,1
O8-0027,3/3/2016,GROOMING,1
H8-8856,3/3/2016,GROOMING,1
U2-7207,3/4/2016,VACCINATIONS,5
X8-8611,3/4/2016,VACCINATIONS,5
Q0-8904,3/4/2016,GROOMING,1
X8-8611,3/5/2016,GENERAL SURGERIES,19
I5-4893,3/5/2016,VACCINATIONS,5
Q9-1565,3/5/2016,VACCINATIONS,5
W9-8307,3/5/2016,VACCINATIONS,5
T0-3277,3/5/2016,VACCINATIONS,5
J2-4382,3/5/2016,VACCINATIONS,5
U6-4890,3/5/2016,OFFICE FEES,2
J8-7429,3/5/2016,VACCINATIONS,5
P0-1725,3/5/2016,GENERAL SURGERIES,8
I5-4893,3/5/2016,GROOMING,1
S4-1063,3/5/2016,GROOMING,1
O8-2501,3/6/2016,VACCINATIONS,1
N8-0553,3/6/2016,VACCINATIONS,5
S5-5938,3/6/2016,VACCINATIONS,5
S4-0789,3/6/2016,VACCINATIONS,5
J2-4382,3/6/2016,VACCINATIONS,2
O8-0027,3/7/2016,VACCINATIONS,5
U2-4205,3/7/2016,VACCINATIONS,5
Q8-0954,3/7/2016,GENERAL SURGERIES,17
M8-7852,3/8/2016,VACCINATIONS,5
H2-8586,3/8/2016,VACCINATIONS,5
L8-9022,3/8/2016,VACCINATIONS,5
T0-3277,3/8/2016,VACCINATIONS,5
T8-1754,3/8/2016,VACCINATIONS,5
T2-2142,3/8/2016,VACCINATIONS,5
X6-4876,3/8/2016,VACCINATIONS,5
Q8-3145,3/8/2016,VACCINATIONS,6
P1-2578,3/8/2016,GROOMING,3
W9-8307,3/8/2016,GROOMING,3
S4-1063,3/8/2016,GENERAL SURGERIES,3
L8-0046,3/9/2016,VACCINATIONS,5
O6-3123,3/9/2016,VACCINATIONS,5
Z4-5652,3/9/2016,VACCINATIONS,5
R3-7551,3/9/2016,GROOMING,1
W7-6372,3/10/2016,VACCINATIONS,5
K4-5012,3/10/2016,VACCINATIONS,5
X6-4876,3/10/2016,VACCINATIONS,5
O6-3123,3/10/2016,VACCINATIONS,5
K0-8177,3/10/2016,VACCINATIONS,5
I7-9550,3/10/2016,VACCINATIONS,5
O6-3123,3/10/2016,VACCINATIONS,5
I6-9459,3/10/2016,VACCINATIONS,5
G4-8096,3/10/2016,VACCINATIONS,5
U2-7207,3/10/2016,VACCINATIONS,5
X0-8765,3/10/2016,VACCINATIONS,5
Z4-4045,3/10/2016,VACCINATIONS,5
Q5-5872,3/10/2016,VACCINATIONS,5
P9-3625,3/10/2016,VACCINATIONS,5
S4-2254,3/10/2016,VACCINATIONS,5
O3-1895,3/10/2016,VACCINATIONS,5
J0-7893,3/10/2016,VACCINATIONS,5
J0-7893,3/10/2016,VACCINATIONS,5
L4-2594,3/10/2016,ORTHOPEDIC,9
V4-6172,3/10/2016,GENERAL SURGERIES,5
Z4-5652,3/10/2016,GENERAL SURGERIES,16
X8-9212,3/10/2016,HOSPITALIZATION,1
O1-7229,3/10/2016,GENERAL SURGERIES,14
I6-9459,3/10/2016,GENERAL SURGERIES,13
W7-6372,3/10/2016,GROOMING,3
R4-6131,3/10/2016,GROOMING,1
O6-3123,3/10/2016,GROOMING,1
H8-1429,3/10/2016,GROOMING,1
Q9-1565,3/10/2016,GROOMING,1
M4-9675,3/10/2016,GROOMING,1
S4-9578,3/11/2016,VACCINATIONS,3
G6-6501,3/12/2016,GENERAL SURGERIES,11
T2-2142,3/12/2016,VACCINATIONS,5
Z8-4419,3/12/2016,VACCINATIONS,5
V4-6172,3/12/2016,VACCINATIONS,5
V4-6172,3/12/2016,VACCINATIONS,5
M8-7852,3/12/2016,GENERAL SURGERIES,9
V7-6771,3/12/2016,GROOMING,3
L2-1834,3/13/2016,ORTHOPEDIC,4
Q4-9479,3/14/2016,GROOMING,1
G0-8531,3/14/2016,GENERAL SURGERIES,3
U8-6473,3/15/2016,VACCINATIONS,5
Q4-9479,3/16/2016,VACCINATIONS,5
O6-3123,3/16/2016,GROOMING,3
U0-5987,3/17/2016,ORTHOPEDIC,7
S4-1063,3/17/2016,VACCINATIONS,5
Q4-9479,3/17/2016,VACCINATIONS,5
P1-2578,3/17/2016,VACCINATIONS,5
H2-8586,3/17/2016,VACCINATIONS,5
N0-9539,3/17/2016,VACCINATIONS,5
F6-5391,3/17/2016,VACCINATIONS,5
V2-4634,3/17/2016,VACCINATIONS,5
U4-5113,3/17/2016,GROOMING,3
S4-9578,3/18/2016,ORTHOPEDIC,3
Z4-4045,3/18/2016,VACCINATIONS,5
F6-5391,3/18/2016,VACCINATIONS,5
Q0-2001,3/18/2016,VACCINATIONS,5
U0-5987,3/18/2016,VACCINATIONS,5
W8-5750,3/18/2016,VACCINATIONS,5
R7-4835,3/18/2016,VACCINATIONS,5
R7-4835,3/18/2016,VACCINATIONS,5
U0-5987,3/18/2016,ORTHOPEDIC,5
Q9-1565,3/18/2016,GENERAL SURGERIES,15
F6-5391,3/19/2016,VACCINATIONS,5
U4-9376,3/19/2016,VACCINATIONS,5
O8-0027,3/19/2016,VACCINATIONS,5
O8-2501,3/19/2016,VACCINATIONS,5
W9-8307,3/19/2016,VACCINATIONS,5
P1-2578,3/19/2016,VACCINATIONS,5
R3-7551,3/19/2016,VACCINATIONS,5
P0-1725,3/19/2016,VACCINATIONS,5
Q0-8904,3/19/2016,GENERAL SURGERIES,5
G0-7675,3/19/2016,GROOMING,1
H8-8856,3/19/2016,GROOMING,1
O8-0027,3/20/2016,VACCINATIONS,5
V5-2342,3/20/2016,GROOMING,3
S5-5938,3/21/2016,VACCINATIONS,5
J6-8562,3/21/2016,VACCINATIONS,5
T0-3277,3/21/2016,GENERAL SURGERIES,8
P0-1725,3/21/2016,GENERAL SURGERIES,2
G6-6501,3/22/2016,VACCINATIONS,5
N7-6805,3/23/2016,VACCINATIONS,5
Z4-4045,3/23/2016,VACCINATIONS,5
Z4-4045,3/23/2016,VACCINATIONS,5
G4-8096,3/23/2016,VACCINATIONS,5
T8-1754,3/24/2016,VACCINATIONS,5
J2-4382,3/24/2016,GROOMING,1
U0-5987,3/25/2016,VACCINATIONS,5
J6-8562,3/26/2016,GENERAL SURGERIES,16
F2-3235,3/27/2016,GROOMING,3
J6-8562,3/28/2016,GENERAL SURGERIES,18
U2-4205,3/28/2016,VACCINATIONS,5
W9-8307,3/28/2016,VACCINATIONS,5
F1-1855,3/28/2016,VACCINATIONS,5
J1-6366,3/28/2016,VACCINATIONS,5
U4-6674,3/28/2016,VACCINATIONS,5
X8-9212,3/28/2016,VACCINATIONS,5
J0-7893,3/28/2016,VACCINATIONS,5
L8-9022,3/28/2016,VACCINATIONS,5
S4-9578,3/28/2016,VACCINATIONS,5
L4-4205,3/28/2016,VACCINATIONS,5
N6-7350,3/28/2016,VACCINATIONS,5
H8-1429,3/28/2016,GENERAL SURGERIES,1
F2-3235,3/28/2016,GROOMING,3
X7-2632,3/28/2016,GROOMING,3
I6-9459,3/28/2016,GROOMING,3
R3-7551,3/28/2016,GROOMING,1
G0-8531,3/28/2016,GENERAL SURGERIES,3
G9-0817,3/28/2016,GENERAL SURGERIES,3
V5-2342,3/29/2016,VACCINATIONS,5
S4-4013,3/29/2016,VACCINATIONS,5
N0-9539,3/29/2016,GROOMING,3
O1-7229,3/29/2016,GROOMING,3
I5-4893,3/30/2016,VACCINATIONS,5
S4-9578,3/30/2016,GROOMING,3
G0-7675,3/31/2016,VACCINATIONS,5
S1-2243,3/31/2016,VACCINATIONS,5
V5-2342,3/31/2016,GENERAL SURGERIES,9
U8-6473,3/31/2016,GROOMING,3
K0-8177,3/31/2016,GROOMING,3
Z4-5652,4/1/2016,VACCINATIONS,5
G9-0817,4/2/2016,VACCINATIONS,5
U8-6473,4/3/2016,VACCINATIONS,5
X0-8765,4/3/2016,VACCINATIONS,5
Q0-2001,4/3/2016,GENERAL SURGERIES,3
Q0-3593,4/3/2016,GENERAL SURGERIES,7
M8-7852,4/3/2016,GENERAL SURGERIES,8
W7-6372,4/3/2016,ORTHOPEDIC,8
W8-5750,4/3/2016,GENERAL SURGERIES,3
H8-1429,4/4/2016,VACCINATIONS,5
S4-2254,4/5/2016,VACCINATIONS,5
S4-9578,4/6/2016,GENERAL SURGERIES,5
T0-5705,4/6/2016,VACCINATIONS,5
Q0-3593,4/6/2016,VACCINATIONS,5
L4-2594,4/6/2016,VACCINATIONS,5
H8-1429,4/6/2016,GROOMING,3
N7-6805,4/7/2016,VACCINATIONS,5
R7-4835,4/7/2016,GROOMING,1
S4-1063,4/7/2016,GROOMING,1
Q8-8753,4/8/2016,OFFICE FEES,3
P0-1725,4/8/2016,VACCINATIONS,5
L2-1834,4/8/2016,VACCINATIONS,5
Z4-4045,4/8/2016,VACCINATIONS,5
O3-1895,4/8/2016,GENERAL SURGERIES,3
P0-1725,4/9/2016,VACCINATIONS,5
V4-6172,4/9/2016,GENERAL SURGERIES,3
N8-0553,4/10/2016,VACCINATIONS,5
P9-6519,4/11/2016,VACCINATIONS,5
I7-9550,4/11/2016,VACCINATIONS,5
H8-1429,4/11/2016,VACCINATIONS,5
G4-8096,4/12/2016,GROOMING,3
J2-3320,4/12/2016,GROOMING,1
L2-1834,4/12/2016,GROOMING,1
J2-3320,4/12/2016,GENERAL SURGERIES,3
H8-1429,4/13/2016,GENERAL SURGERIES,4
I6-9459,4/13/2016,VACCINATIONS,5
T0-3277,4/13/2016,VACCINATIONS,5
X8-9212,4/13/2016,VACCINATIONS,5
N8-0553,4/13/2016,VACCINATIONS,2
Q0-3593,4/13/2016,ORTHOPEDIC,4
F6-5391,4/13/2016,ORTHOPEDIC,6
W7-6372,4/13/2016,GROOMING,3
V2-4634,4/13/2016,GROOMING,1
Q2-3642,4/13/2016,GENERAL SURGERIES,3
M0-2904,4/14/2016,VACCINATIONS,5
L4-2594,4/15/2016,VACCINATIONS,5
G4-8096,4/15/2016,VACCINATIONS,5
U2-4205,4/15/2016,ORTHOPEDIC,6
N8-0553,4/15/2016,GROOMING,3
O1-7229,4/16/2016,GROOMING,3
J0-7893,4/16/2016,VACCINATIONS,5
U6-4890,4/16/2016,VACCINATIONS,5
L4-9973,4/16/2016,OFFICE FEES,2
V4-6172,4/17/2016,VACCINATIONS,5
O3-1895,4/17/2016,GENERAL SURGERIES,3
Q8-3145,4/18/2016,VACCINATIONS,5
V4-6172,4/18/2016,VACCINATIONS,5
Q8-0954,4/18/2016,GENERAL SURGERIES,12
V5-2342,4/18/2016,VACCINATIONS,3
F1-1855,4/18/2016,GROOMING,1
O5-2472,4/18/2016,GENERAL SURGERIES,3
J1-6366,4/19/2016,VACCINATIONS,5
U0-5987,4/20/2016,VACCINATIONS,5
P9-3625,4/21/2016,VACCINATIONS,5
P1-2578,4/21/2016,VACCINATIONS,5
K0-8177,4/21/2016,VACCINATIONS,5
L4-9973,4/21/2016,VACCINATIONS,5
X8-8611,4/21/2016,VACCINATIONS,5
H8-1429,4/21/2016,VACCINATIONS,5
H8-1429,4/21/2016,VACCINATIONS,5
P9-3625,4/21/2016,VACCINATIONS,5
Q0-2001,4/21/2016,VACCINATIONS,5
G0-7675,4/21/2016,GENERAL SURGERIES,5
P1-2578,4/21/2016,GENERAL SURGERIES,3
V4-6172,4/21/2016,GROOMING,3
Q0-3593,4/21/2016,GROOMING,3
T0-5705,4/21/2016,GROOMING,3
X7-2632,4/21/2016,GROOMING,1
L4-2594,4/21/2016,GENERAL SURGERIES,3
J6-8562,4/22/2016,VACCINATIONS,5
U2-4205,4/22/2016,VACCINATIONS,5
X8-9212,4/22/2016,VACCINATIONS,5
S5-5938,4/22/2016,VACCINATIONS,5
P2-7342,4/22/2016,VACCINATIONS,5
Q5-5872,4/22/2016,VACCINATIONS,5
M4-9675,4/22/2016,VACCINATIONS,5
V5-2342,4/22/2016,VACCINATIONS,5
J2-4382,4/22/2016,VACCINATIONS,5
Q5-5872,4/22/2016,VACCINATIONS,5
W8-5750,4/22/2016,ORTHOPEDIC,9
W8-5750,4/22/2016,ORTHOPEDIC,1
R7-4835,4/22/2016,GROOMING,3
I5-4893,4/22/2016,GENERAL SURGERIES,3
X0-8765,4/23/2016,VACCINATIONS,5
L2-1834,4/24/2016,GENERAL SURGERIES,7
N6-7350,4/24/2016,VACCINATIONS,5
N0-9539,4/24/2016,VACCINATIONS,5
W8-5750,4/24/2016,VACCINATIONS,5
V2-4634,4/24/2016,VACCINATIONS,5
U2-7207,4/24/2016,VACCINATIONS,5
N7-6805,4/24/2016,VACCINATIONS,5
U2-4205,4/24/2016,VACCINATIONS,5
J8-7429,4/24/2016,VACCINATIONS,5
P7-2443,4/24/2016,OFFICE FEES,1
R4-6131,4/24/2016,GROOMING,3
F2-3235,4/24/2016,GROOMING,1
X6-4876,4/25/2016,VACCINATIONS,5
J6-8562,4/25/2016,VACCINATIONS,5
F2-3235,4/25/2016,VACCINATIONS,5
O5-2472,4/25/2016,VACCINATIONS,5
O3-1895,4/25/2016,GROOMING,1
P9-6519,4/25/2016,GROOMING,1
Q8-0954,4/26/2016,VACCINATIONS,5
Q8-3145,4/26/2016,VACCINATIONS,5
U2-7207,4/27/2016,GROOMING,3
L0-6660,4/27/2016,GROOMING,1
G0-8531,4/28/2016,GENERAL SURGERIES,2
N8-0553,4/28/2016,GENERAL SURGERIES,16
P7-2443,4/29/2016,GROOMING,1
R3-7551,4/30/2016,VACCINATIONS,5
X6-4876,4/30/2016,VACCINATIONS,5
G4-8096,4/30/2016,VACCINATIONS,5
L4-2594,4/30/2016,GENERAL SURGERIES,10
Q2-3642,4/30/2016,GROOMING,1
O8-2501,5/1/2016,GENERAL SURGERIES,3
S4-4013,5/1/2016,VACCINATIONS,5
U4-9376,5/1/2016,VACCINATIONS,5
X7-2632,5/1/2016,VACCINATIONS,5
L4-4030,5/1/2016,VACCINATIONS,5
O5-2472,5/1/2016,VACCINATIONS,5
M2-1131,5/1/2016,VACCINATIONS,5
W8-5750,5/1/2016,VACCINATIONS,5
O8-0027,5/1/2016,VACCINATIONS,5
M2-1131,5/1/2016,VACCINATIONS,1
L2-1834,5/1/2016,GROOMING,3
W9-8307,5/1/2016,GROOMING,1
G9-0817,5/1/2016,GROOMING,1
U4-6674,5/1/2016,GENERAL SURGERIES,3
L2-1834,5/2/2016,VACCINATIONS,5
I7-9550,5/2/2016,VACCINATIONS,5
L4-2594,5/2/2016,VACCINATIONS,5
L2-1834,5/2/2016,ORTHOPEDIC,7
V2-4634,5/2/2016,GROOMING,3
U4-6674,5/2/2016,GROOMING,1
X8-8611,5/2/2016,GENERAL SURGERIES,3
U2-4205,5/3/2016,GENERAL SURGERIES,11
I7-9550,5/3/2016,GROOMING,1
X8-9212,5/4/2016,VACCINATIONS,3
T2-2142,5/4/2016,GENERAL SURGERIES,15
V2-4634,5/4/2016,VACCINATIONS,5
J1-6366,5/4/2016,VACCINATIONS,5
P1-2578,5/4/2016,VACCINATIONS,5
R7-4835,5/4/2016,VACCINATIONS,5
I6-9459,5/4/2016,VACCINATIONS,5
Q0-2001,5/4/2016,VACCINATIONS,5
Q0-3593,5/4/2016,VACCINATIONS,5
X6-4876,5/4/2016,VACCINATIONS,5
W7-6372,5/4/2016,VACCINATIONS,5
K4-5012,5/4/2016,VACCINATIONS,5
H2-8586,5/4/2016,VACCINATIONS,5
Q5-5872,5/4/2016,GENERAL SURGERIES,9
G0-8531,5/4/2016,GENERAL SURGERIES,2
U6-4890,5/4/2016,GROOMING,3
S5-5938,5/4/2016,GROOMING,1
Q4-9479,5/4/2016,GENERAL SURGERIES,3
Q0-2001,5/5/2016,VACCINATIONS,5
K4-5012,5/5/2016,VACCINATIONS,5
J0-7893,5/5/2016,ORTHOPEDIC,7
X7-2632,5/5/2016,GENERAL SURGERIES,5
N7-6805,5/6/2016,VACCINATIONS,5
L4-6292,5/6/2016,VACCINATIONS,5
K0-8177,5/6/2016,GROOMING,1
W8-5750,5/6/2016,GROOMING,1
X7-2632,5/7/2016,VACCINATIONS,5
L4-4205,5/7/2016,VACCINATIONS,5
S5-5938,5/7/2016,VACCINATIONS,5
R7-4835,5/7/2016,VACCINATIONS,5
Z8-4419,5/7/2016,VACCINATIONS,5
L8-0046,5/7/2016,VACCINATIONS,5
L4-4205,5/7/2016,VACCINATIONS,5
W8-5750,5/7/2016,VACCINATIONS,5
P2-7342,5/7/2016,GENERAL SURGERIES,10
J1-6366,5/7/2016,OFFICE FEES,3
U2-4205,5/7/2016,GENERAL SURGERIES,3
N7-6805,5/8/2016,VACCINATIONS,5
Q8-3145,5/8/2016,VACCINATIONS,5
J6-8562,5/8/2016,VACCINATIONS,5
V7-6771,5/8/2016,VACCINATIONS,5
F2-3235,5/8/2016,VACCINATIONS,5
M8-7852,5/8/2016,VACCINATIONS,5
F6-5391,5/8/2016,VACCINATIONS,5
L8-9022,5/8/2016,VACCINATIONS,5
X8-8611,5/8/2016,VACCINATIONS,5
I6-9459,5/8/2016,VACCINATIONS,5
Z4-4045,5/8/2016,VACCINATIONS,5
V2-4634,5/8/2016,VACCINATIONS,5
Q0-3593,5/8/2016,VACCINATIONS,5
N8-0553,5/8/2016,VACCINATIONS,5
U2-4205,5/8/2016,VACCINATIONS,5
N8-0553,5/8/2016,VACCINATIONS,5
Q0-2001,5/8/2016,VACCINATIONS,5
K0-8177,5/8/2016,VACCINATIONS,5
V4-6172,5/8/2016,ORTHOPEDIC,8
V4-6172,5/8/2016,VACCINATIONS,2
S4-2254,5/8/2016,GROOMING,3
Q9-1565,5/8/2016,GROOMING,3
V5-2342,5/8/2016,GROOMING,1
Q8-0954,5/9/2016,VACCINATIONS,5
H8-8856,5/9/2016,VACCINATIONS,5
X8-8611,5/9/2016,VACCINATIONS,5
V4-6172,5/9/2016,VACCINATIONS,5
N0-9539,5/10/2016,VACCINATIONS,5
S4-2254,5/10/2016,VACCINATIONS,5
X6-4876,5/10/2016,VACCINATIONS,5
J2-3320,5/10/2016,VACCINATIONS,5
U2-4205,5/10/2016,VACCINATIONS,5
J0-7893,5/11/2016,GENERAL SURGERIES,3
M2-1131,5/12/2016,VACCINATIONS,5
X8-9212,5/12/2016,VACCINATIONS,5
N6-7350,5/12/2016,VACCINATIONS,5
X8-9212,5/12/2016,VACCINATIONS,5
P7-2443,5/12/2016,VACCINATIONS,5
O1-7229,5/12/2016,VACCINATIONS,5
I6-9459,5/12/2016,VACCINATIONS,5
O6-3123,5/12/2016,VACCINATIONS,5
U8-6473,5/12/2016,VACCINATIONS,5
K0-8177,5/12/2016,VACCINATIONS,5
X6-4876,5/12/2016,VACCINATIONS,5
X8-9212,5/12/2016,VACCINATIONS,5
Z4-4045,5/12/2016,VACCINATIONS,5
F1-1855,5/12/2016,ORTHOPEDIC,8
P2-7342,5/12/2016,GROOMING,3
K0-8177,5/12/2016,GROOMING,3
O3-1895,5/12/2016,GROOMING,1
I5-4893,5/12/2016,GROOMING,1
O8-2501,5/13/2016,GENERAL SURGERIES,12
J2-4382,5/14/2016,VACCINATIONS,5
M2-1131,5/14/2016,VACCINATIONS,5
M0-2904,5/14/2016,VACCINATIONS,5
U2-4205,5/14/2016,ORTHOPEDIC,1
N6-7350,5/14/2016,GROOMING,3
U8-6473,5/14/2016,GROOMING,3
L8-0046,5/15/2016,VACCINATIONS,5
T2-2142,5/15/2016,VACCINATIONS,5
R7-4835,5/15/2016,VACCINATIONS,5
X6-4876,5/15/2016,VACCINATIONS,5
S4-9578,5/15/2016,VACCINATIONS,5
U8-6473,5/15/2016,GENERAL SURGERIES,15
U4-9376,5/15/2016,ORTHOPEDIC,8
L2-1834,5/15/2016,VACCINATIONS,6
P0-1725,5/15/2016,GROOMING,3
G0-8531,5/15/2016,GROOMING,3
Z4-4045,5/15/2016,GROOMING,1
T0-3277,5/16/2016,OFFICE FEES,1
X8-8611,5/16/2016,GENERAL SURGERIES,3
S4-4013,5/17/2016,VACCINATIONS,5
F6-5391,5/17/2016,VACCINATIONS,5
L4-2594,5/17/2016,VACCINATIONS,5
F2-3235,5/17/2016,GROOMING,3
R7-4835,5/18/2016,VACCINATIONS,3
I6-9459,5/18/2016,VACCINATIONS,5
G4-8096,5/18/2016,VACCINATIONS,2
G0-8531,5/19/2016,VACCINATIONS,5
O1-7229,5/19/2016,VACCINATIONS,5
W9-8307,5/19/2016,VACCINATIONS,5
K4-5012,5/20/2016,GROOMING,3
O8-2501,5/20/2016,GENERAL SURGERIES,3
G4-8096,5/21/2016,VACCINATIONS,5
G4-8096,5/21/2016,VACCINATIONS,5
Z4-5652,5/21/2016,GROOMING,1
Q0-2001,5/21/2016,GROOMING,1
Q5-5872,5/22/2016,VACCINATIONS,5
S4-9578,5/22/2016,VACCINATIONS,5
Z4-5652,5/22/2016,VACCINATIONS,5
V7-6771,5/22/2016,GENERAL SURGERIES,5
K0-8177,5/22/2016,GENERAL SURGERIES,16
Q0-2001,5/22/2016,OFFICE FEES,2
L4-6292,5/22/2016,GROOMING,3
Z4-5652,5/22/2016,GROOMING,3
L0-6660,5/22/2016,GROOMING,3
L0-6660,5/23/2016,VACCINATIONS,5
W8-5750,5/24/2016,VACCINATIONS,3
N0-9539,5/24/2016,VACCINATIONS,5
Z8-4419,5/24/2016,VACCINATIONS,5
J1-6366,5/24/2016,VACCINATIONS,5
V5-2342,5/24/2016,VACCINATIONS,5
N8-0553,5/24/2016,VACCINATIONS,5
H8-8856,5/24/2016,VACCINATIONS,5
G0-8531,5/24/2016,VACCINATIONS,5
Q0-8904,5/24/2016,VACCINATIONS,5
Q8-8753,5/24/2016,VACCINATIONS,5
M4-9675,5/24/2016,VACCINATIONS,5
N0-9539,5/24/2016,GENERAL SURGERIES,17
H2-8586,5/24/2016,GROOMING,1
Z4-4045,5/24/2016,GROOMING,1
P0-1725,5/24/2016,GENERAL SURGERIES,3
F2-3235,5/25/2016,VACCINATIONS,2
M0-2904,5/25/2016,VACCINATIONS,5
O8-0027,5/25/2016,VACCINATIONS,5
O8-2501,5/25/2016,VACCINATIONS,5
J8-7429,5/25/2016,VACCINATIONS,5
J6-8562,5/25/2016,GENERAL SURGERIES,9
S4-0789,5/25/2016,GROOMING,3
P7-2443,5/25/2016,GROOMING,3
N6-7350,5/25/2016,GROOMING,3
Q0-2001,5/26/2016,GENERAL SURGERIES,10
L8-9022,5/26/2016,VACCINATIONS,5
S4-9578,5/26/2016,GENERAL SURGERIES,13
K4-5012,5/27/2016,VACCINATIONS,5
U6-4890,5/27/2016,ORTHOPEDIC,9
G0-8531,5/27/2016,GENERAL SURGERIES,10
L4-6292,5/28/2016,GENERAL SURGERIES,18
J0-7893,5/28/2016,VACCINATIONS,1
U4-5113,5/28/2016,VACCINATIONS,6
V7-6771,5/28/2016,VACCINATIONS,5
I5-4893,5/28/2016,VACCINATIONS,5
P2-7342,5/28/2016,VACCINATIONS,5
R4-6131,5/28/2016,VACCINATIONS,5
M0-2904,5/28/2016,VACCINATIONS,5
U0-5987,5/28/2016,VACCINATIONS,5
Q0-2001,5/28/2016,VACCINATIONS,5
Q5-5872,5/28/2016,VACCINATIONS,5
X0-8765,5/28/2016,VACCINATIONS,5
N6-7350,5/28/2016,VACCINATIONS,5
N0-9539,5/28/2016,VACCINATIONS,5
Q0-8904,5/28/2016,GENERAL SURGERIES,11
P2-7342,5/28/2016,ORTHOPEDIC,2
I6-9459,5/28/2016,VACCINATIONS,1
X8-9212,5/28/2016,ORTHOPEDIC,2
O8-2501,5/28/2016,GENERAL SURGERIES,4
J1-6366,5/28/2016,GROOMING,2
U4-9376,5/28/2016,VACCINATIONS,1
I7-9550,5/28/2016,GENERAL SURGERIES,11
S1-2243,5/28/2016,GROOMING,3
Z4-5652,5/28/2016,GROOMING,1
N7-6805,5/28/2016,GROOMING,1
T8-1754,5/29/2016,VACCINATIONS,6
J2-4382,5/29/2016,VACCINATIONS,5
Q8-0954,5/29/2016,VACCINATIONS,5
O8-0027,5/30/2016,VACCINATIONS,5
F6-5391,5/30/2016,VACCINATIONS,5
O8-0027,5/30/2016,VACCINATIONS,5
K0-8177,5/30/2016,VACCINATIONS,5
L8-0046,5/30/2016,VACCINATIONS,5
L4-2594,5/30/2016,VACCINATIONS,5
P9-6519,5/30/2016,VACCINATIONS,5
G4-8096,5/30/2016,VACCINATIONS,5
R3-7551,5/30/2016,VACCINATIONS,5
W7-6372,5/30/2016,GROOMING,1
V2-4634,5/31/2016,GROOMING,1
K0-8177,6/1/2016,VACCINATIONS,5
O8-0027,6/1/2016,VACCINATIONS,5
V5-2342,6/1/2016,GENERAL SURGERIES,17
L8-0046,6/1/2016,GROOMING,3
U2-7207,6/1/2016,GROOMING,1
J0-7893,6/1/2016,GENERAL SURGERIES,3
Z8-4419,6/2/2016,VACCINATIONS,5
M4-9675,6/2/2016,VACCINATIONS,5
M2-1131,6/2/2016,VACCINATIONS,5
L4-6292,6/2/2016,VACCINATIONS,5
L4-9973,6/2/2016,VACCINATIONS,5
U4-9376,6/2/2016,VACCINATIONS,5
L8-0046,6/2/2016,VACCINATIONS,5
Z8-4419,6/2/2016,VACCINATIONS,5
Z8-4419,6/2/2016,VACCINATIONS,5
G4-8096,6/2/2016,VACCINATIONS,5
R7-4835,6/2/2016,VACCINATIONS,5
L2-1834,6/2/2016,VACCINATIONS,5
J2-4382,6/2/2016,VACCINATIONS,5
K4-5012,6/2/2016,ORTHOPEDIC,7
J0-7893,6/2/2016,ORTHOPEDIC,4
L2-1834,6/2/2016,VACCINATIONS,6
J2-3320,6/2/2016,GROOMING,3
M8-7852,6/2/2016,GROOMING,1
L8-0046,6/2/2016,GENERAL SURGERIES,3
V4-6172,6/3/2016,VACCINATIONS,5
W8-5750,6/4/2016,VACCINATIONS,5
L8-9022,6/4/2016,VACCINATIONS,5
Z8-4419,6/4/2016,VACCINATIONS,5
V5-2342,6/4/2016,VACCINATIONS,5
O6-3123,6/4/2016,ORTHOPEDIC,6
G6-6501,6/4/2016,GROOMING,1
M2-1131,6/5/2016,VACCINATIONS,5
S1-2243,6/6/2016,VACCINATIONS,5
N8-0553,6/6/2016,VACCINATIONS,5
I6-9459,6/7/2016,ORTHOPEDIC,3
L4-4030,6/7/2016,GROOMING,1
H2-8586,6/8/2016,VACCINATIONS,5
J6-8562,6/8/2016,VACCINATIONS,5
I7-9550,6/8/2016,GENERAL SURGERIES,1
T8-1754,6/8/2016,VACCINATIONS,3
V2-4634,6/8/2016,GROOMING,1
O6-3123,6/9/2016,VACCINATIONS,5
S1-2243,6/10/2016,GENERAL SURGERIES,12
S4-1063,6/10/2016,VACCINATIONS,5
Q8-3145,6/10/2016,VACCINATIONS,5
O1-7229,6/10/2016,GROOMING,3
S4-1063,6/11/2016,VACCINATIONS,5
H8-8856,6/11/2016,GENERAL SURGERIES,11
N8-0553,6/11/2016,GROOMING,1
P2-7342,6/12/2016,VACCINATIONS,5
Q0-8904,6/12/2016,VACCINATIONS,5
U4-9376,6/13/2016,GROOMING,1
Q0-2001,6/13/2016,GROOMING,1
V5-2342,6/14/2016,VACCINATIONS,5
U4-9376,6/14/2016,VACCINATIONS,5
V7-6771,6/14/2016,ORTHOPEDIC,8
Z4-4045,6/15/2016,VACCINATIONS,5
Q2-3642,6/15/2016,VACCINATIONS,5
O8-2501,6/15/2016,VACCINATIONS,4
O8-0027,6/16/2016,VACCINATIONS,5
T8-1754,6/16/2016,VACCINATIONS,5
T0-3277,6/17/2016,VACCINATIONS,5
V5-2342,6/17/2016,VACCINATIONS,5
L8-0046,6/17/2016,GENERAL SURGERIES,2
Q2-3642,6/17/2016,GROOMING,3
J8-7429,6/17/2016,GROOMING,1
V2-4634,6/18/2016,GROOMING,3
M8-7852,6/18/2016,GROOMING,1
P7-2443,6/19/2016,GENERAL SURGERIES,2
X7-2632,6/19/2016,GROOMING,3
S5-5938,6/20/2016,VACCINATIONS,5
X8-9212,6/20/2016,VACCINATIONS,5
G4-8096,6/20/2016,GROOMING,3
L4-2594,6/20/2016,GROOMING,1
U0-5987,6/21/2016,VACCINATIONS,5
U8-6473,6/21/2016,VACCINATIONS,5
S5-5938,6/21/2016,VACCINATIONS,5
K4-5012,6/21/2016,ORTHOPEDIC,3
H8-8856,6/21/2016,GROOMING,1
G0-8531,6/22/2016,VACCINATIONS,5
P0-1725,6/22/2016,OFFICE FEES,1
I2-7926,6/23/2016,VACCINATIONS,5
S4-9578,6/23/2016,VACCINATIONS,5
W9-8307,6/23/2016,VACCINATIONS,5
H8-1429,6/23/2016,VACCINATIONS,5
O3-1895,6/23/2016,VACCINATIONS,5
S4-0789,6/23/2016,GENERAL SURGERIES,7
I7-9550,6/23/2016,GROOMING,3
P2-7342,6/23/2016,GROOMING,1
S4-2254,6/24/2016,VACCINATIONS,5
N8-0553,6/24/2016,ORTHOPEDIC,6
Z8-4419,6/25/2016,OFFICE FEES,2
G4-8096,6/25/2016,GENERAL SURGERIES,11
S5-5938,6/25/2016,VACCINATIONS,5
V4-6172,6/25/2016,VACCINATIONS,5
Q9-1565,6/25/2016,VACCINATIONS,5
F2-3235,6/25/2016,VACCINATIONS,5
T2-2142,6/25/2016,VACCINATIONS,5
L2-1834,6/25/2016,VACCINATIONS,5
S4-0789,6/25/2016,VACCINATIONS,5
P9-3625,6/25/2016,VACCINATIONS,5
I5-4893,6/25/2016,VACCINATIONS,5
N8-0553,6/25/2016,VACCINATIONS,4
G9-0817,6/25/2016,VACCINATIONS,5
L8-9022,6/25/2016,GENERAL SURGERIES,11
S4-4013,6/25/2016,GROOMING,3
Q4-9479,6/26/2016,VACCINATIONS,5
X7-2632,6/26/2016,VACCINATIONS,5
Q9-1565,6/26/2016,VACCINATIONS,5
M0-2904,6/26/2016,VACCINATIONS,5
J2-3320,6/26/2016,VACCINATIONS,5
S5-5938,6/26/2016,VACCINATIONS,5
L4-6292,6/26/2016,GENERAL SURGERIES,6
U6-4890,6/26/2016,GENERAL SURGERIES,17
L4-4030,6/26/2016,GROOMING,3
R3-7551,6/26/2016,GROOMING,3
Q8-3145,6/26/2016,GROOMING,1
X8-8611,6/26/2016,GROOMING,1
U2-7207,6/27/2016,ORTHOPEDIC,4
Q5-5872,6/27/2016,VACCINATIONS,5
U8-6473,6/27/2016,VACCINATIONS,5
Q0-2001,6/27/2016,VACCINATIONS,5
V5-2342,6/27/2016,VACCINATIONS,5
J1-6366,6/27/2016,GENERAL SURGERIES,4
Z4-5652,6/27/2016,GENERAL SURGERIES,11
U0-5987,6/27/2016,GROOMING,1
T2-2142,6/28/2016,VACCINATIONS,5
Q0-3593,6/28/2016,GENERAL SURGERIES,5
M0-2904,6/28/2016,GROOMING,1
S4-4013,6/29/2016,VACCINATIONS,5
Q2-3642,6/29/2016,VACCINATIONS,5
U2-4205,6/29/2016,VACCINATIONS,5
N7-6805,6/29/2016,VACCINATIONS,5
H2-8586,6/29/2016,VACCINATIONS,5
P9-3625,6/29/2016,VACCINATIONS,5
Q9-1565,6/29/2016,GROOMING,1
L0-6660,6/29/2016,GROOMING,1
U4-6674,6/29/2016,GROOMING,1
K0-8177,6/29/2016,GENERAL SURGERIES,3
U2-7207,6/29/2016,GENERAL SURGERIES,3
V5-2342,6/30/2016,VACCINATIONS,5
L4-4030,6/30/2016,VACCINATIONS,5
L4-4030,6/30/2016,VACCINATIONS,5
V4-6172,6/30/2016,VACCINATIONS,5
T8-1754,6/30/2016,GROOMING,3
U4-6674,6/30/2016,GROOMING,3
Q0-8904,7/1/2016,VACCINATIONS,5
K4-5012,7/1/2016,VACCINATIONS,5
P7-2443,7/1/2016,VACCINATIONS,5
U8-6473,7/1/2016,VACCINATIONS,5
W9-8307,7/1/2016,VACCINATIONS,5
W9-8307,7/1/2016,VACCINATIONS,5
S1-2243,7/1/2016,VACCINATIONS,5
P9-6519,7/1/2016,GENERAL SURGERIES,14
V2-4634,7/1/2016,GROOMING,3
V2-4634,7/1/2016,GROOMING,3
P9-3625,7/1/2016,GROOMING,1
Q8-0954,7/1/2016,GROOMING,1
P9-6519,7/1/2016,GROOMING,1
S4-9578,7/2/2016,VACCINATIONS,5
V2-4634,7/2/2016,VACCINATIONS,5
K4-5012,7/2/2016,VACCINATIONS,5
P9-6519,7/2/2016,VACCINATIONS,5
X8-9212,7/2/2016,VACCINATIONS,5
X8-8611,7/2/2016,VACCINATIONS,5
G4-8096,7/2/2016,GROOMING,3
W9-8307,7/3/2016,GENERAL SURGERIES,10
Q0-2001,7/4/2016,VACCINATIONS,4
T8-1754,7/4/2016,VACCINATIONS,5
F2-3235,7/4/2016,VACCINATIONS,5
O3-1895,7/4/2016,VACCINATIONS,5
J1-6366,7/4/2016,VACCINATIONS,5
S5-5938,7/4/2016,VACCINATIONS,5
U4-9376,7/4/2016,VACCINATIONS,5
L4-4205,7/4/2016,VACCINATIONS,5
V7-6771,7/4/2016,VACCINATIONS,5
I5-4893,7/4/2016,VACCINATIONS,2
I5-4893,7/4/2016,GROOMING,3
Z8-4419,7/4/2016,GENERAL SURGERIES,3
I7-9550,7/5/2016,VACCINATIONS,5
P2-7342,7/5/2016,VACCINATIONS,5
U2-4205,7/5/2016,VACCINATIONS,5
Q5-5872,7/5/2016,VACCINATIONS,5
Q9-1565,7/5/2016,VACCINATIONS,5
S4-2254,7/5/2016,VACCINATIONS,5
L2-1834,7/6/2016,GENERAL SURGERIES,12
Q0-8904,7/6/2016,GENERAL SURGERIES,4
H2-8586,7/6/2016,GENERAL SURGERIES,9
U4-5113,7/6/2016,VACCINATIONS,5
X7-2632,7/6/2016,VACCINATIONS,5
M8-7852,7/6/2016,VACCINATIONS,5
O5-2472,7/6/2016,VACCINATIONS,5
L4-2594,7/6/2016,VACCINATIONS,5
Z6-3226,7/6/2016,VACCINATIONS,5
I5-4893,7/6/2016,VACCINATIONS,5
F6-5391,7/6/2016,VACCINATIONS,5
N8-0553,7/6/2016,VACCINATIONS,5
N7-6805,7/6/2016,VACCINATIONS,5
L4-4030,7/6/2016,VACCINATIONS,5
M0-2904,7/6/2016,VACCINATIONS,5
U4-6674,7/6/2016,VACCINATIONS,5
J1-6366,7/6/2016,VACCINATIONS,5
G6-6501,7/6/2016,VACCINATIONS,5
P1-2578,7/6/2016,VACCINATIONS,5
H2-8586,7/6/2016,VACCINATIONS,5
L8-0046,7/6/2016,GENERAL SURGERIES,9
X6-4876,7/6/2016,GROOMING,1
H2-8586,7/6/2016,GROOMING,3
S5-5938,7/6/2016,GROOMING,3
G4-8096,7/6/2016,GROOMING,3
T2-2142,7/6/2016,GROOMING,3
T0-5705,7/6/2016,GENERAL SURGERIES,3
X8-8611,7/7/2016,VACCINATIONS,5
P2-7342,7/7/2016,VACCINATIONS,5
M4-9675,7/8/2016,VACCINATIONS,5
J0-7893,7/8/2016,VACCINATIONS,5
H8-8856,7/9/2016,VACCINATIONS,5
O5-2472,7/9/2016,VACCINATIONS,5
F2-3235,7/10/2016,VACCINATIONS,5
P7-2443,7/10/2016,VACCINATIONS,5
N7-6805,7/10/2016,VACCINATIONS,5
M8-7852,7/10/2016,VACCINATIONS,5
X8-9212,7/10/2016,VACCINATIONS,5
S1-2243,7/10/2016,VACCINATIONS,5
L4-6292,7/10/2016,VACCINATIONS,5
S5-5938,7/10/2016,ORTHOPEDIC,6
Q9-1565,7/10/2016,GENERAL SURGERIES,13
N7-6805,7/10/2016,GENERAL SURGERIES,5
H2-8586,7/10/2016,GROOMING,3
I5-4893,7/10/2016,GROOMING,1
X8-9212,7/11/2016,VACCINATIONS,5
U6-4890,7/11/2016,VACCINATIONS,5
O1-7229,7/11/2016,VACCINATIONS,5
Z6-3226,7/11/2016,VACCINATIONS,5
L4-2594,7/11/2016,GENERAL SURGERIES,3
L4-9973,7/11/2016,GENERAL SURGERIES,17
V2-4634,7/12/2016,VACCINATIONS,5
L4-6292,7/12/2016,VACCINATIONS,5
S4-2254,7/12/2016,GROOMING,3
N0-9539,7/12/2016,GROOMING,3
U6-4890,7/12/2016,GROOMING,1
L4-4030,7/13/2016,VACCINATIONS,5
O5-2472,7/13/2016,VACCINATIONS,5
G4-8096,7/13/2016,VACCINATIONS,5
S1-2243,7/13/2016,VACCINATIONS,5
M0-2904,7/13/2016,VACCINATIONS,5
U0-5987,7/13/2016,GROOMING,3
J1-6366,7/13/2016,GROOMING,1
M4-9675,7/13/2016,GROOMING,1
G0-7675,7/14/2016,VACCINATIONS,5
N8-0553,7/15/2016,VACCINATIONS,5
P7-2443,7/15/2016,VACCINATIONS,5
X8-9212,7/15/2016,VACCINATIONS,5
W8-5750,7/15/2016,GROOMING,3
X0-8765,7/15/2016,GROOMING,3
M4-9675,7/15/2016,GROOMING,3
J6-8562,7/15/2016,GROOMING,1
P1-2578,7/16/2016,GENERAL SURGERIES,16
Q9-1565,7/16/2016,VACCINATIONS,5
S4-2254,7/16/2016,VACCINATIONS,5
V2-4634,7/16/2016,VACCINATIONS,5
S4-4013,7/16/2016,VACCINATIONS,5
N7-6805,7/16/2016,VACCINATIONS,5
U4-5113,7/16/2016,VACCINATIONS,5
T0-5705,7/16/2016,VACCINATIONS,5
U0-5987,7/16/2016,VACCINATIONS,5
O8-2501,7/16/2016,VACCINATIONS,5
R7-4835,7/16/2016,VACCINATIONS,5
P2-7342,7/16/2016,VACCINATIONS,5
X6-4876,7/16/2016,VACCINATIONS,5
L8-9022,7/16/2016,ORTHOPEDIC,1
J2-3320,7/16/2016,GENERAL SURGERIES,10
G9-0817,7/16/2016,GENERAL SURGERIES,18
F2-3235,7/16/2016,GROOMING,3
S4-1063,7/16/2016,GROOMING,3
Q0-3593,7/16/2016,GENERAL SURGERIES,3
X0-8765,7/17/2016,VACCINATIONS,5
L0-6660,7/17/2016,VACCINATIONS,5
F6-5391,7/17/2016,VACCINATIONS,5
I6-9459,7/17/2016,VACCINATIONS,5
Z4-4045,7/17/2016,GROOMING,2
S1-2243,7/17/2016,HOSPITALIZATION,1
O8-0027,7/17/2016,GROOMING,1
Z4-4045,7/18/2016,VACCINATIONS,5
K0-8177,7/18/2016,VACCINATIONS,5
Q0-3593,7/18/2016,VACCINATIONS,5
S4-0789,7/18/2016,VACCINATIONS,5
Z4-5652,7/18/2016,VACCINATIONS,5
L4-9973,7/18/2016,GROOMING,1
T0-5705,7/18/2016,GROOMING,1
Z4-4045,7/18/2016,GROOMING,1
P0-1725,7/19/2016,VACCINATIONS,5
S4-4013,7/20/2016,VACCINATIONS,1
W7-6372,7/20/2016,VACCINATIONS,5
T2-2142,7/20/2016,VACCINATIONS,5
J2-3320,7/20/2016,VACCINATIONS,5
Z8-4419,7/20/2016,VACCINATIONS,5
Q2-3642,7/20/2016,ORTHOPEDIC,7
O3-1895,7/20/2016,GROOMING,1
Z4-5652,7/21/2016,VACCINATIONS,5
S4-9578,7/21/2016,VACCINATIONS,5
Q0-8904,7/21/2016,VACCINATIONS,5
O8-0027,7/21/2016,VACCINATIONS,5
Z8-4419,7/21/2016,VACCINATIONS,5
Q0-3593,7/21/2016,VACCINATIONS,5
W8-5750,7/21/2016,VACCINATIONS,5
X0-8765,7/21/2016,VACCINATIONS,5
X8-9212,7/21/2016,VACCINATIONS,5
N6-7350,7/21/2016,VACCINATIONS,5
J6-8562,7/21/2016,VACCINATIONS,5
M8-7852,7/21/2016,VACCINATIONS,5
U6-4890,7/21/2016,ORTHOPEDIC,8
Q8-3145,7/21/2016,VACCINATIONS,4
X0-8765,7/21/2016,ORTHOPEDIC,9
W8-5750,7/21/2016,GROOMING,3
N0-9539,7/21/2016,GROOMING,1
Q8-0954,7/22/2016,OFFICE FEES,3
U4-5113,7/22/2016,VACCINATIONS,5
L4-4030,7/22/2016,VACCINATIONS,5
Z4-4045,7/22/2016,VACCINATIONS,5
U2-7207,7/22/2016,VACCINATIONS,5
N6-7350,7/22/2016,VACCINATIONS,5
U8-6473,7/22/2016,VACCINATIONS,5
G4-8096,7/22/2016,VACCINATIONS,5
L4-2594,7/22/2016,VACCINATIONS,4
S4-1063,7/22/2016,GROOMING,3
S4-9578,7/22/2016,GENERAL SURGERIES,3
L4-2594,7/23/2016,VACCINATIONS,2
S4-4013,7/23/2016,GROOMING,3
H2-8586,7/24/2016,GENERAL SURGERIES,18
L4-4030,7/25/2016,VACCINATIONS,5
Z6-3226,7/25/2016,VACCINATIONS,5
I6-9459,7/25/2016,VACCINATIONS,5
J2-4382,7/25/2016,OFFICE FEES,1
J1-6366,7/25/2016,GROOMING,3
L8-0046,7/25/2016,GROOMING,3
W7-6372,7/26/2016,VACCINATIONS,5
I6-9459,7/26/2016,GENERAL SURGERIES,2
U6-4890,7/26/2016,GROOMING,1
U2-4205,7/27/2016,VACCINATIONS,4
S4-4013,7/28/2016,GENERAL SURGERIES,6
L4-4030,7/28/2016,VACCINATIONS,5
Q8-8753,7/28/2016,VACCINATIONS,5
N8-0553,7/28/2016,VACCINATIONS,5
T0-5705,7/28/2016,VACCINATIONS,5
O6-3123,7/28/2016,VACCINATIONS,5
N0-9539,7/28/2016,VACCINATIONS,5
Q0-8904,7/28/2016,VACCINATIONS,5
L4-6292,7/28/2016,ORTHOPEDIC,2
O3-1895,7/28/2016,GROOMING,3
H8-1429,7/28/2016,GROOMING,1
S4-0789,7/28/2016,GROOMING,1
T2-2142,7/29/2016,GENERAL SURGERIES,3
S4-4013,7/30/2016,VACCINATIONS,5
T2-2142,7/30/2016,VACCINATIONS,5
U4-9376,7/30/2016,VACCINATIONS,5
U4-9376,7/30/2016,VACCINATIONS,5
F6-5391,7/30/2016,VACCINATIONS,5
Z8-4419,7/30/2016,VACCINATIONS,5
S4-2254,7/30/2016,VACCINATIONS,5
G6-6501,7/30/2016,VACCINATIONS,5
Q8-8753,7/30/2016,VACCINATIONS,5
Q8-3145,7/30/2016,VACCINATIONS,5
L4-2594,7/30/2016,VACCINATIONS,5
G0-8531,7/30/2016,VACCINATIONS,5
W7-6372,7/30/2016,GROOMING,1
I5-4893,7/31/2016,VACCINATIONS,5
U4-9376,7/31/2016,VACCINATIONS,3
W7-6372,7/31/2016,ORTHOPEDIC,9
Q8-3145,7/31/2016,GROOMING,3
T0-3277,8/1/2016,VACCINATIONS,5
U4-6674,8/1/2016,VACCINATIONS,5
W7-6372,8/1/2016,VACCINATIONS,5
Z4-4045,8/1/2016,VACCINATIONS,5
I6-9459,8/1/2016,VACCINATIONS,5
S5-5938,8/1/2016,VACCINATIONS,5
P7-2443,8/1/2016,VACCINATIONS,5
W8-5750,8/1/2016,ORTHOPEDIC,7
U4-5113,8/1/2016,GROOMING,1
T0-3277,8/1/2016,GROOMING,1
O8-0027,8/1/2016,GENERAL SURGERIES,3
S4-9578,8/1/2016,GENERAL SURGERIES,3
M8-7852,8/2/2016,VACCINATIONS,2
U4-6674,8/2/2016,VACCINATIONS,5
Q5-5872,8/2/2016,VACCINATIONS,5
F6-5391,8/2/2016,VACCINATIONS,5
S4-1063,8/2/2016,VACCINATIONS,5
Q8-8753,8/2/2016,VACCINATIONS,5
H8-8856,8/2/2016,VACCINATIONS,5
S1-2243,8/2/2016,ORTHOPEDIC,1
O6-3123,8/2/2016,OFFICE FEES,2
X6-4876,8/2/2016,GROOMING,1
X6-4876,8/2/2016,GENERAL SURGERIES,3
U0-5987,8/3/2016,VACCINATIONS,5
X0-8765,8/3/2016,VACCINATIONS,5
J1-6366,8/3/2016,VACCINATIONS,5
H8-8856,8/3/2016,VACCINATIONS,5
G6-6501,8/3/2016,VACCINATIONS,5
O8-2501,8/3/2016,VACCINATIONS,5
Q8-8753,8/3/2016,GROOMING,3
Q0-2001,8/3/2016,ORTHOPEDIC,8
R7-4835,8/3/2016,GROOMING,3
Z4-4045,8/4/2016,VACCINATIONS,5
P0-1725,8/4/2016,VACCINATIONS,5
Z6-3226,8/4/2016,GROOMING,3
F6-5391,8/5/2016,VACCINATIONS,5
O5-2472,8/6/2016,VACCINATIONS,5
S1-2243,8/6/2016,VACCINATIONS,5
V4-6172,8/6/2016,VACCINATIONS,5
X0-8765,8/6/2016,VACCINATIONS,5
R3-7551,8/6/2016,VACCINATIONS,5
L4-4030,8/6/2016,GENERAL SURGERIES,13
Q8-0954,8/7/2016,GROOMING,3
V2-4634,8/8/2016,ORTHOPEDIC,7
J2-3320,8/8/2016,VACCINATIONS,5
G6-6501,8/8/2016,VACCINATIONS,5
U0-5987,8/9/2016,ORTHOPEDIC,6
Q0-3593,8/9/2016,VACCINATIONS,5
X7-2632,8/9/2016,VACCINATIONS,5
J2-3320,8/9/2016,GENERAL SURGERIES,14
X6-4876,8/9/2016,GROOMING,3
S4-4013,8/9/2016,GENERAL SURGERIES,3
Q8-0954,8/10/2016,VACCINATIONS,4
U8-6473,8/10/2016,VACCINATIONS,5
Q8-8753,8/10/2016,VACCINATIONS,5
G6-6501,8/10/2016,VACCINATIONS,5
X7-2632,8/10/2016,VACCINATIONS,5
I6-9459,8/10/2016,VACCINATIONS,5
Q8-8753,8/10/2016,VACCINATIONS,5
Q9-1565,8/10/2016,VACCINATIONS,5
R7-4835,8/10/2016,GENERAL SURGERIES,4
O3-1895,8/10/2016,ORTHOPEDIC,6
U6-4890,8/10/2016,GROOMING,2
Q2-3642,8/10/2016,GENERAL SURGERIES,8
Q8-0954,8/10/2016,GROOMING,3
X8-8611,8/10/2016,GROOMING,1
N6-7350,8/11/2016,GENERAL SURGERIES,1
P0-1725,8/12/2016,VACCINATIONS,5
X6-4876,8/12/2016,VACCINATIONS,5
Z6-3226,8/12/2016,GROOMING,1
V4-6172,8/12/2016,GROOMING,1
S4-0789,8/13/2016,VACCINATIONS,5
R3-7551,8/13/2016,VACCINATIONS,5
J8-7429,8/13/2016,VACCINATIONS,5
Q5-5872,8/13/2016,VACCINATIONS,5
P0-1725,8/13/2016,GROOMING,3
Z4-5652,8/13/2016,GROOMING,1
X0-8765,8/14/2016,GENERAL SURGERIES,14
Q8-3145,8/14/2016,VACCINATIONS,5
P7-2443,8/14/2016,VACCINATIONS,5
S1-2243,8/14/2016,VACCINATIONS,5
L4-6292,8/14/2016,VACCINATIONS,5
L4-6292,8/14/2016,VACCINATIONS,5
S4-1063,8/14/2016,VACCINATIONS,5
Q8-3145,8/14/2016,VACCINATIONS,5
Z6-3226,8/14/2016,GENERAL SURGERIES,18
X8-8611,8/14/2016,ORTHOPEDIC,2
X6-4876,8/14/2016,GROOMING,3
G6-6501,8/14/2016,ORTHOPEDIC,5
I6-9459,8/14/2016,OFFICE FEES,3
U0-5987,8/14/2016,GROOMING,3
G6-6501,8/14/2016,GROOMING,1
J1-6366,8/14/2016,GROOMING,1
S4-2254,8/15/2016,GROOMING,1
J2-4382,8/15/2016,GROOMING,1
U6-4890,8/16/2016,VACCINATIONS,5
J8-7429,8/16/2016,VACCINATIONS,5
U2-4205,8/16/2016,VACCINATIONS,5
Q0-3593,8/17/2016,VACCINATIONS,5
J1-6366,8/17/2016,VACCINATIONS,5
U4-6674,8/17/2016,VACCINATIONS,5
G9-0817,8/17/2016,VACCINATIONS,5
J1-6366,8/17/2016,VACCINATIONS,5
N8-0553,8/17/2016,GENERAL SURGERIES,18
O3-1895,8/17/2016,VACCINATIONS,3
V2-4634,8/17/2016,ORTHOPEDIC,2
J0-7893,8/17/2016,GROOMING,3
P2-7342,8/17/2016,GROOMING,1
V5-2342,8/18/2016,VACCINATIONS,5
Z8-4419,8/19/2016,GROOMING,1
Z4-4045,8/19/2016,GROOMING,1
Q2-3642,8/19/2016,GROOMING,1
O6-3123,8/20/2016,VACCINATIONS,5
O1-7229,8/20/2016,VACCINATIONS,5
L4-2594,8/20/2016,VACCINATIONS,5
R3-7551,8/20/2016,VACCINATIONS,5
G0-7675,8/20/2016,VACCINATIONS,5
Z4-5652,8/20/2016,GENERAL SURGERIES,7
L8-0046,8/20/2016,GENERAL SURGERIES,13
O3-1895,8/20/2016,GENERAL SURGERIES,12
M8-7852,8/20/2016,GROOMING,1
K4-5012,8/20/2016,GROOMING,1
S1-2243,8/20/2016,GROOMING,1
P7-2443,8/21/2016,GROOMING,2
K0-8177,8/21/2016,VACCINATIONS,6
X0-8765,8/21/2016,VACCINATIONS,5
G0-8531,8/21/2016,VACCINATIONS,5
S4-1063,8/21/2016,VACCINATIONS,5
X8-8611,8/21/2016,VACCINATIONS,5
Z4-5652,8/21/2016,VACCINATIONS,5
L8-0046,8/21/2016,VACCINATIONS,5
N8-0553,8/21/2016,VACCINATIONS,5
K0-8177,8/21/2016,VACCINATIONS,5
M8-7852,8/21/2016,VACCINATIONS,5
W7-6372,8/21/2016,VACCINATIONS,5
P9-6519,8/21/2016,VACCINATIONS,5
U4-9376,8/21/2016,VACCINATIONS,5
L2-1834,8/21/2016,OFFICE FEES,1
I6-9459,8/21/2016,GENERAL SURGERIES,1
V2-4634,8/21/2016,GENERAL SURGERIES,8
O8-2501,8/21/2016,GROOMING,1
U8-6473,8/21/2016,GROOMING,1
J2-3320,8/21/2016,GROOMING,1
P1-2578,8/21/2016,GROOMING,1
H8-1429,8/22/2016,VACCINATIONS,5
U4-6674,8/22/2016,VACCINATIONS,5
R3-7551,8/22/2016,VACCINATIONS,5
L4-4030,8/22/2016,VACCINATIONS,5
P9-6519,8/23/2016,VACCINATIONS,5
J2-3320,8/23/2016,VACCINATIONS,5
G0-7675,8/23/2016,VACCINATIONS,5
U6-4890,8/23/2016,VACCINATIONS,5
S5-5938,8/23/2016,VACCINATIONS,5
K0-8177,8/23/2016,VACCINATIONS,5
U8-6473,8/23/2016,VACCINATIONS,5
I6-9459,8/23/2016,VACCINATIONS,5
U4-9376,8/23/2016,VACCINATIONS,5
N7-6805,8/23/2016,GENERAL SURGERIES,10
R4-6131,8/23/2016,GENERAL SURGERIES,10
J2-4382,8/23/2016,GROOMING,1
L4-9973,8/23/2016,GENERAL SURGERIES,3
I6-9459,8/23/2016,GENERAL SURGERIES,3
M8-7852,8/24/2016,ORTHOPEDIC,8
O6-3123,8/24/2016,VACCINATIONS,1
N0-9539,8/24/2016,VACCINATIONS,5
H8-1429,8/24/2016,VACCINATIONS,5
H8-1429,8/24/2016,VACCINATIONS,5
G0-7675,8/24/2016,VACCINATIONS,5
X6-4876,8/24/2016,VACCINATIONS,5
S5-5938,8/24/2016,VACCINATIONS,5
L4-4205,8/24/2016,VACCINATIONS,5
Q8-3145,8/24/2016,VACCINATIONS,5
S4-1063,8/24/2016,VACCINATIONS,5
L4-9973,8/24/2016,VACCINATIONS,5
I7-9550,8/24/2016,GENERAL SURGERIES,18
P1-2578,8/24/2016,ORTHOPEDIC,4
J2-4382,8/24/2016,GROOMING,3
M2-1131,8/25/2016,VACCINATIONS,5
I2-7926,8/26/2016,VACCINATIONS,5
U4-9376,8/26/2016,VACCINATIONS,5
P9-3625,8/26/2016,VACCINATIONS,1
G4-8096,8/26/2016,GROOMING,3
Z8-4419,8/26/2016,GROOMING,1
U2-7207,8/27/2016,VACCINATIONS,5
P9-3625,8/27/2016,VACCINATIONS,6
H2-8586,8/28/2016,VACCINATIONS,5
L8-9022,8/29/2016,VACCINATIONS,5
Q2-3642,8/29/2016,VACCINATIONS,5
Z8-4419,8/29/2016,VACCINATIONS,5
U4-9376,8/29/2016,VACCINATIONS,5
W8-5750,8/29/2016,GROOMING,1
R7-4835,8/30/2016,VACCINATIONS,5
P1-2578,8/30/2016,VACCINATIONS,6
T0-3277,8/30/2016,VACCINATIONS,5
Q2-3642,8/30/2016,VACCINATIONS,5
U4-5113,8/30/2016,VACCINATIONS,5
L8-0046,8/30/2016,VACCINATIONS,5
K0-8177,8/30/2016,VACCINATIONS,5
S1-2243,8/30/2016,VACCINATIONS,5
U0-5987,8/30/2016,VACCINATIONS,5
J8-7429,8/30/2016,VACCINATIONS,1
G0-8531,8/30/2016,GENERAL SURGERIES,18
Q5-5872,8/30/2016,GROOMING,3
U2-7207,8/30/2016,GROOMING,3
J2-4382,8/30/2016,GROOMING,3
Q9-1565,8/30/2016,GROOMING,1
X7-2632,8/30/2016,GROOMING,1
X7-2632,8/30/2016,GENERAL SURGERIES,3
X6-4876,8/30/2016,GENERAL SURGERIES,3
L8-0046,8/31/2016,VACCINATIONS,5
X8-9212,9/1/2016,VACCINATIONS,6
H8-8856,9/2/2016,VACCINATIONS,5
S4-1063,9/3/2016,VACCINATIONS,4
Q0-2001,9/3/2016,VACCINATIONS,5
U8-6473,9/3/2016,VACCINATIONS,5
K4-5012,9/3/2016,GROOMING,1
R3-7551,9/4/2016,VACCINATIONS,5
S4-4013,9/4/2016,VACCINATIONS,5
X0-8765,9/5/2016,GENERAL SURGERIES,3
Q8-0954,9/6/2016,VACCINATIONS,5
I7-9550,9/6/2016,VACCINATIONS,5
F2-3235,9/6/2016,VACCINATIONS,5
J1-6366,9/6/2016,VACCINATIONS,5
Z4-5652,9/6/2016,GROOMING,3
F2-3235,9/6/2016,GROOMING,1
F6-5391,9/7/2016,GENERAL SURGERIES,3
L2-1834,9/8/2016,VACCINATIONS,5
W7-6372,9/8/2016,VACCINATIONS,5
P7-2443,9/8/2016,VACCINATIONS,5
S4-2254,9/8/2016,VACCINATIONS,5
K4-5012,9/8/2016,VACCINATIONS,5
J8-7429,9/8/2016,VACCINATIONS,5
Z8-4419,9/8/2016,VACCINATIONS,5
V2-4634,9/8/2016,GROOMING,1
V2-4634,9/9/2016,VACCINATIONS,5
F1-1855,9/9/2016,VACCINATIONS,5
U6-4890,9/9/2016,VACCINATIONS,5
Q2-3642,9/9/2016,VACCINATIONS,5
M0-2904,9/9/2016,VACCINATIONS,5
T2-2142,9/9/2016,VACCINATIONS,5
S4-2254,9/9/2016,GROOMING,2
V7-6771,9/9/2016,GROOMING,3
S4-4013,9/9/2016,GROOMING,3
P2-7342,9/9/2016,GROOMING,3
U4-9376,9/9/2016,GENERAL SURGERIES,3
T2-2142,9/10/2016,VACCINATIONS,5
J6-8562,9/10/2016,VACCINATIONS,5
U4-5113,9/10/2016,VACCINATIONS,5
S4-4013,9/10/2016,VACCINATIONS,5
Z8-4419,9/10/2016,GROOMING,1
O1-7229,9/10/2016,ORTHOPEDIC,4
T0-5705,9/10/2016,GROOMING,1
T2-2142,9/11/2016,VACCINATIONS,5
H8-8856,9/11/2016,VACCINATIONS,5
U2-4205,9/11/2016,VACCINATIONS,5
X7-2632,9/11/2016,VACCINATIONS,5
R7-4835,9/11/2016,VACCINATIONS,5
V4-6172,9/11/2016,VACCINATIONS,5
X6-4876,9/11/2016,VACCINATIONS,5
P2-7342,9/11/2016,VACCINATIONS,5
Q8-0954,9/11/2016,GENERAL SURGERIES,13
O8-0027,9/12/2016,VACCINATIONS,5
Q0-8904,9/12/2016,GROOMING,3
T2-2142,9/12/2016,GROOMING,3
L8-9022,9/13/2016,VACCINATIONS,4
Q8-8753,9/13/2016,VACCINATIONS,5
S4-9578,9/13/2016,VACCINATIONS,5
T8-1754,9/13/2016,VACCINATIONS,5
I7-9550,9/13/2016,VACCINATIONS,5
F2-3235,9/13/2016,GROOMING,3
O1-7229,9/14/2016,VACCINATIONS,5
G0-8531,9/14/2016,GROOMING,1
L8-9022,9/14/2016,GROOMING,1
S4-4013,9/15/2016,VACCINATIONS,5
T0-5705,9/16/2016,VACCINATIONS,5
X7-2632,9/17/2016,VACCINATIONS,5
J0-7893,9/17/2016,VACCINATIONS,5
S4-4013,9/17/2016,VACCINATIONS,5
V5-2342,9/17/2016,VACCINATIONS,5
O8-0027,9/17/2016,VACCINATIONS,5
L4-9973,9/17/2016,VACCINATIONS,5
G0-8531,9/17/2016,VACCINATIONS,5
X8-9212,9/17/2016,VACCINATIONS,5
L4-6292,9/17/2016,VACCINATIONS,4
S1-2243,9/17/2016,GENERAL SURGERIES,1
O8-2501,9/17/2016,GROOMING,3
Q8-3145,9/17/2016,GENERAL SURGERIES,3
Q4-9479,9/18/2016,VACCINATIONS,5
J1-6366,9/18/2016,VACCINATIONS,5
T8-1754,9/18/2016,ORTHOPEDIC,3
L0-6660,9/18/2016,GENERAL SURGERIES,3
J0-7893,9/18/2016,GROOMING,3
Q8-0954,9/19/2016,GENERAL SURGERIES,1
T0-5705,9/19/2016,VACCINATIONS,5
N6-7350,9/19/2016,VACCINATIONS,5
J1-6366,9/19/2016,VACCINATIONS,5
K4-5012,9/19/2016,VACCINATIONS,5
S4-0789,9/19/2016,VACCINATIONS,5
I6-9459,9/19/2016,VACCINATIONS,5
G4-8096,9/19/2016,VACCINATIONS,5
O6-3123,9/19/2016,VACCINATIONS,5
U6-4890,9/19/2016,VACCINATIONS,5
G9-0817,9/19/2016,VACCINATIONS,5
U2-4205,9/19/2016,VACCINATIONS,5
V2-4634,9/19/2016,VACCINATIONS,5
Z4-5652,9/19/2016,VACCINATIONS,5
P9-3625,9/19/2016,VACCINATIONS,5
J2-3320,9/19/2016,VACCINATIONS,5
Q8-8753,9/19/2016,ORTHOPEDIC,5
V7-6771,9/19/2016,GENERAL SURGERIES,11
J0-7893,9/19/2016,GROOMING,3
O5-2472,9/19/2016,GROOMING,3
O6-3123,9/19/2016,GROOMING,3
I6-9459,9/19/2016,GROOMING,3
H8-8856,9/19/2016,GROOMING,3
S4-1063,9/19/2016,GROOMING,1
X6-4876,9/19/2016,GENERAL SURGERIES,3
S4-4013,9/20/2016,VACCINATIONS,5
O8-2501,9/20/2016,VACCINATIONS,5
L2-1834,9/20/2016,GENERAL SURGERIES,11
O8-2501,9/20/2016,GROOMING,1
Q8-0954,9/21/2016,HOSPITALIZATION,1
Q4-9479,9/22/2016,GROOMING,2
W8-5750,9/22/2016,HOSPITALIZATION,1
P1-2578,9/22/2016,VACCINATIONS,5
X8-9212,9/22/2016,VACCINATIONS,5
U8-6473,9/22/2016,VACCINATIONS,5
W8-5750,9/22/2016,VACCINATIONS,5
G0-7675,9/22/2016,VACCINATIONS,5
Q0-3593,9/23/2016,ORTHOPEDIC,3
M4-9675,9/23/2016,VACCINATIONS,5
P9-6519,9/23/2016,GENERAL SURGERIES,7
U4-9376,9/24/2016,VACCINATIONS,5
L8-0046,9/24/2016,VACCINATIONS,5
J2-4382,9/24/2016,VACCINATIONS,5
L2-1834,9/24/2016,OFFICE FEES,2
V5-2342,9/24/2016,GENERAL SURGERIES,3
M8-7852,9/25/2016,GENERAL SURGERIES,13
R4-6131,9/25/2016,VACCINATIONS,5
G0-7675,9/25/2016,VACCINATIONS,5
P0-1725,9/25/2016,VACCINATIONS,5
M2-1131,9/25/2016,VACCINATIONS,5
S5-5938,9/25/2016,VACCINATIONS,5
N8-0553,9/25/2016,VACCINATIONS,5
K4-5012,9/25/2016,VACCINATIONS,5
Q8-8753,9/25/2016,GENERAL SURGERIES,12
N6-7350,9/25/2016,GROOMING,2
F2-3235,9/25/2016,GROOMING,3
P9-3625,9/25/2016,GROOMING,3
O8-2501,9/26/2016,VACCINATIONS,1
L4-2594,9/26/2016,VACCINATIONS,5
N0-9539,9/26/2016,VACCINATIONS,5
P9-6519,9/26/2016,VACCINATIONS,5
G9-0817,9/26/2016,VACCINATIONS,5
I6-9459,9/26/2016,VACCINATIONS,5
V4-6172,9/26/2016,VACCINATIONS,5
X8-9212,9/26/2016,OFFICE FEES,1
I7-9550,9/26/2016,ORTHOPEDIC,6
T0-5705,9/26/2016,ORTHOPEDIC,9
L4-9973,9/26/2016,GENERAL SURGERIES,19
X6-4876,9/26/2016,ORTHOPEDIC,1
V2-4634,9/26/2016,HOSPITALIZATION,1
L4-4030,9/26/2016,GENERAL SURGERIES,19
F1-1855,9/27/2016,VACCINATIONS,5
K0-8177,9/27/2016,VACCINATIONS,5
Q4-9479,9/28/2016,VACCINATIONS,5
U8-6473,9/28/2016,GENERAL SURGERIES,3
U4-5113,9/29/2016,GENERAL SURGERIES,14
H8-1429,9/29/2016,ORTHOPEDIC,9
S1-2243,9/30/2016,VACCINATIONS,5
X8-9212,9/30/2016,VACCINATIONS,5
G9-0817,9/30/2016,GENERAL SURGERIES,16
L4-9973,9/30/2016,GROOMING,3
Q4-9479,9/30/2016,ORTHOPEDIC,1
P9-6519,9/30/2016,GROOMING,1
O1-7229,10/1/2016,VACCINATIONS,5
L4-2594,10/1/2016,ORTHOPEDIC,4
I5-4893,10/1/2016,GROOMING,1
J8-7429,10/2/2016,ORTHOPEDIC,9
L8-9022,10/2/2016,GENERAL SURGERIES,8
V7-6771,10/2/2016,VACCINATIONS,5
F1-1855,10/2/2016,VACCINATIONS,5
U4-9376,10/2/2016,VACCINATIONS,5
X8-8611,10/2/2016,GENERAL SURGERIES,15
G4-8096,10/2/2016,GENERAL SURGERIES,16
T0-3277,10/2/2016,GROOMING,1
G4-8096,10/2/2016,GROOMING,1
R7-4835,10/3/2016,VACCINATIONS,5
F1-1855,10/3/2016,VACCINATIONS,5
Q5-5872,10/3/2016,VACCINATIONS,5
P9-3625,10/3/2016,VACCINATIONS,5
Q0-8904,10/3/2016,VACCINATIONS,5
S4-4013,10/3/2016,GENERAL SURGERIES,8
J8-7429,10/3/2016,GENERAL SURGERIES,3
S5-5938,10/4/2016,VACCINATIONS,5
V5-2342,10/5/2016,VACCINATIONS,5
L8-0046,10/5/2016,VACCINATIONS,5
K4-5012,10/5/2016,VACCINATIONS,5
K4-5012,10/5/2016,VACCINATIONS,5
X8-8611,10/6/2016,VACCINATIONS,5
G0-7675,10/6/2016,VACCINATIONS,5
F6-5391,10/6/2016,VACCINATIONS,5
S4-0789,10/6/2016,ORTHOPEDIC,7
U0-5987,10/6/2016,ORTHOPEDIC,9
O8-2501,10/6/2016,GROOMING,3
L4-4205,10/6/2016,GROOMING,3
V2-4634,10/6/2016,GROOMING,1
R7-4835,10/6/2016,GROOMING,1
J2-3320,10/7/2016,VACCINATIONS,5
P0-1725,10/7/2016,GROOMING,1
V7-6771,10/8/2016,VACCINATIONS,6
J2-3320,10/8/2016,VACCINATIONS,5
I6-9459,10/8/2016,VACCINATIONS,5
Q5-5872,10/8/2016,VACCINATIONS,5
J1-6366,10/8/2016,GROOMING,1
Q8-8753,10/9/2016,GENERAL SURGERIES,19
U0-5987,10/10/2016,GENERAL SURGERIES,19
J2-3320,10/10/2016,VACCINATIONS,5
T0-5705,10/10/2016,VACCINATIONS,5
N7-6805,10/10/2016,VACCINATIONS,5
T8-1754,10/10/2016,VACCINATIONS,5
S4-4013,10/10/2016,OFFICE FEES,3
Q4-9479,10/10/2016,GROOMING,1
I5-4893,10/11/2016,VACCINATIONS,5
Q9-1565,10/11/2016,VACCINATIONS,5
L4-2594,10/12/2016,VACCINATIONS,5
L8-9022,10/13/2016,VACCINATIONS,5
X8-8611,10/13/2016,VACCINATIONS,5
J6-8562,10/13/2016,VACCINATIONS,5
J0-7893,10/13/2016,VACCINATIONS,5
V7-6771,10/13/2016,VACCINATIONS,5
F2-3235,10/13/2016,VACCINATIONS,5
G6-6501,10/13/2016,VACCINATIONS,5
I7-9550,10/13/2016,VACCINATIONS,4
P2-7342,10/13/2016,GROOMING,3
R3-7551,10/13/2016,GROOMING,1
I5-4893,10/13/2016,GROOMING,1
J2-3320,10/13/2016,GROOMING,1
L4-6292,10/13/2016,GENERAL SURGERIES,3
N6-7350,10/14/2016,VACCINATIONS,5
G0-7675,10/14/2016,VACCINATIONS,5
O3-1895,10/14/2016,VACCINATIONS,5
G9-0817,10/14/2016,VACCINATIONS,5
J1-6366,10/14/2016,GENERAL SURGERIES,16
T2-2142,10/14/2016,GENERAL SURGERIES,12
S4-0789,10/15/2016,VACCINATIONS,5
U0-5987,10/15/2016,GENERAL SURGERIES,5
H8-8856,10/15/2016,GROOMING,1
M0-2904,10/16/2016,VACCINATIONS,5
W8-5750,10/17/2016,OFFICE FEES,2
O5-2472,10/17/2016,VACCINATIONS,5
L4-4030,10/17/2016,VACCINATIONS,5
L4-9973,10/17/2016,VACCINATIONS,5
V5-2342,10/17/2016,VACCINATIONS,5
V5-2342,10/17/2016,VACCINATIONS,5
J2-3320,10/17/2016,VACCINATIONS,5
J2-4382,10/17/2016,ORTHOPEDIC,4
M8-7852,10/17/2016,GROOMING,3
J1-6366,10/18/2016,GROOMING,3
O6-3123,10/19/2016,VACCINATIONS,5
P0-1725,10/19/2016,VACCINATIONS,5
S4-0789,10/19/2016,VACCINATIONS,5
K4-5012,10/19/2016,VACCINATIONS,5
Q2-3642,10/19/2016,VACCINATIONS,5
F6-5391,10/19/2016,VACCINATIONS,5
T0-3277,10/19/2016,VACCINATIONS,5
F1-1855,10/19/2016,VACCINATIONS,5
Q8-8753,10/19/2016,VACCINATIONS,5
M0-2904,10/19/2016,VACCINATIONS,5
I5-4893,10/19/2016,VACCINATIONS,5
Q8-0954,10/19/2016,VACCINATIONS,5
Q9-1565,10/20/2016,VACCINATIONS,5
S4-1063,10/20/2016,VACCINATIONS,5
P0-1725,10/20/2016,VACCINATIONS,5
P9-6519,10/21/2016,VACCINATIONS,5
P2-7342,10/21/2016,VACCINATIONS,5
Q0-2001,10/21/2016,VACCINATIONS,5
X7-2632,10/21/2016,VACCINATIONS,5
P1-2578,10/21/2016,GENERAL SURGERIES,2
F1-1855,10/21/2016,GROOMING,3
U4-6674,10/22/2016,GENERAL SURGERIES,3
I6-9459,10/22/2016,GENERAL SURGERIES,17
Q0-2001,10/22/2016,VACCINATIONS,5
L4-4030,10/22/2016,VACCINATIONS,5
L8-0046,10/22/2016,VACCINATIONS,5
W8-5750,10/22/2016,VACCINATIONS,5
S4-1063,10/22/2016,VACCINATIONS,5
O3-1895,10/22/2016,GENERAL SURGERIES,7
U4-9376,10/22/2016,GROOMING,3
J2-3320,10/22/2016,GROOMING,1
Q5-5872,10/22/2016,GENERAL SURGERIES,3
G0-7675,10/23/2016,OFFICE FEES,1
N7-6805,10/23/2016,VACCINATIONS,5
N7-6805,10/23/2016,GENERAL SURGERIES,8
W7-6372,10/23/2016,GROOMING,3
Q5-5872,10/24/2016,VACCINATIONS,5
I6-9459,10/24/2016,GROOMING,1
V7-6771,10/25/2016,ORTHOPEDIC,1
I5-4893,10/25/2016,VACCINATIONS,5
O8-2501,10/25/2016,VACCINATIONS,5
S1-2243,10/25/2016,VACCINATIONS,5
X8-9212,10/25/2016,VACCINATIONS,5
P9-3625,10/25/2016,VACCINATIONS,5
F6-5391,10/25/2016,VACCINATIONS,5
J6-8562,10/25/2016,VACCINATIONS,5
X8-9212,10/25/2016,VACCINATIONS,5
Q2-3642,10/25/2016,GROOMING,3
K0-8177,10/25/2016,GROOMING,1
V5-2342,10/26/2016,GROOMING,3
T0-3277,10/27/2016,VACCINATIONS,5
X8-9212,10/27/2016,VACCINATIONS,5
Q0-2001,10/27/2016,GROOMING,3
T0-5705,10/28/2016,VACCINATIONS,5
F6-5391,10/29/2016,VACCINATIONS,5
I6-9459,10/29/2016,VACCINATIONS,5
P2-7342,10/29/2016,VACCINATIONS,5
Z4-4045,10/29/2016,VACCINATIONS,5
R3-7551,10/29/2016,VACCINATIONS,5
U8-6473,10/29/2016,VACCINATIONS,5
L4-4205,10/29/2016,VACCINATIONS,5
J2-4382,10/29/2016,VACCINATIONS,5
T0-5705,10/29/2016,VACCINATIONS,5
X8-8611,10/30/2016,VACCINATIONS,5
V2-4634,10/30/2016,VACCINATIONS,5
Q8-0954,10/30/2016,GROOMING,1
Q2-3642,10/31/2016,VACCINATIONS,5
P1-2578,10/31/2016,VACCINATIONS,5
N0-9539,11/1/2016,VACCINATIONS,1
J2-4382,11/2/2016,GENERAL SURGERIES,8
L0-6660,11/2/2016,VACCINATIONS,5
O3-1895,11/2/2016,VACCINATIONS,5
G9-0817,11/2/2016,VACCINATIONS,5
V2-4634,11/2/2016,VACCINATIONS,5
I7-9550,11/2/2016,VACCINATIONS,5
Q9-1565,11/2/2016,VACCINATIONS,5
V7-6771,11/2/2016,VACCINATIONS,5
U0-5987,11/2/2016,VACCINATIONS,5
G4-8096,11/2/2016,VACCINATIONS,5
P0-1725,11/2/2016,VACCINATIONS,5
Q8-3145,11/2/2016,GENERAL SURGERIES,14
J0-7893,11/2/2016,GENERAL SURGERIES,6
O8-0027,11/2/2016,GENERAL SURGERIES,12
Z6-3226,11/2/2016,GROOMING,3
L4-6292,11/2/2016,GROOMING,3
J0-7893,11/2/2016,GROOMING,3
O1-7229,11/2/2016,GROOMING,1
N6-7350,11/2/2016,GROOMING,1
M2-1131,11/2/2016,GENERAL SURGERIES,3
R7-4835,11/3/2016,VACCINATIONS,5
S4-9578,11/3/2016,VACCINATIONS,5
M8-7852,11/3/2016,OFFICE FEES,3
R4-6131,11/4/2016,VACCINATIONS,5
K0-8177,11/4/2016,VACCINATIONS,5
U6-4890,11/4/2016,VACCINATIONS,5
L0-6660,11/4/2016,VACCINATIONS,6
X8-8611,11/4/2016,ORTHOPEDIC,4
W7-6372,11/4/2016,OFFICE FEES,3
L4-2594,11/4/2016,GROOMING,3
U4-9376,11/5/2016,VACCINATIONS,3
L4-9973,11/5/2016,VACCINATIONS,5
R7-4835,11/5/2016,GROOMING,1
S4-4013,11/6/2016,VACCINATIONS,5
F2-3235,11/6/2016,VACCINATIONS,5
N0-9539,11/6/2016,VACCINATIONS,5
S4-2254,11/6/2016,VACCINATIONS,5
I2-7926,11/6/2016,VACCINATIONS,5
P9-6519,11/6/2016,VACCINATIONS,5
V7-6771,11/6/2016,VACCINATIONS,5
N0-9539,11/6/2016,VACCINATIONS,5
P7-2443,11/6/2016,VACCINATIONS,5
R3-7551,11/6/2016,VACCINATIONS,5
L4-2594,11/6/2016,VACCINATIONS,5
N7-6805,11/6/2016,GENERAL SURGERIES,7
F2-3235,11/6/2016,GENERAL SURGERIES,10
M4-9675,11/6/2016,GROOMING,3
I6-9459,11/6/2016,GROOMING,1
J2-3320,11/6/2016,GENERAL SURGERIES,3
L8-9022,11/6/2016,GENERAL SURGERIES,3
F2-3235,11/7/2016,VACCINATIONS,5
Q0-2001,11/7/2016,VACCINATIONS,5
P1-2578,11/7/2016,VACCINATIONS,5
Q8-8753,11/7/2016,GROOMING,1
Z4-4045,11/7/2016,VACCINATIONS,3
L0-6660,11/7/2016,GROOMING,3
L2-1834,11/8/2016,VACCINATIONS,5
S4-4013,11/8/2016,VACCINATIONS,5
U6-4890,11/8/2016,VACCINATIONS,5
L0-6660,11/8/2016,VACCINATIONS,5
I2-7926,11/8/2016,VACCINATIONS,5
P0-1725,11/8/2016,VACCINATIONS,2
N6-7350,11/8/2016,VACCINATIONS,5
J0-7893,11/8/2016,GROOMING,1
T0-3277,11/8/2016,GENERAL SURGERIES,3
P0-1725,11/9/2016,VACCINATIONS,5
T0-3277,11/9/2016,VACCINATIONS,5
Q8-8753,11/10/2016,VACCINATIONS,5
V7-6771,11/11/2016,GENERAL SURGERIES,3
R7-4835,11/12/2016,VACCINATIONS,5
G9-0817,11/12/2016,GROOMING,2
S4-9578,11/12/2016,GROOMING,1
J6-8562,11/13/2016,GROOMING,1
Z8-4419,11/14/2016,GENERAL SURGERIES,2
S4-2254,11/14/2016,GENERAL SURGERIES,5
L4-6292,11/14/2016,VACCINATIONS,2
X7-2632,11/14/2016,VACCINATIONS,5
J2-3320,11/15/2016,VACCINATIONS,5
U6-4890,11/15/2016,VACCINATIONS,5
Q0-2001,11/15/2016,GROOMING,1
K4-5012,11/15/2016,GROOMING,1
G4-8096,11/16/2016,VACCINATIONS,5
L4-9973,11/16/2016,VACCINATIONS,5
Q8-0954,11/16/2016,VACCINATIONS,5
Z6-3226,11/16/2016,VACCINATIONS,5
P0-1725,11/16/2016,VACCINATIONS,5
S4-0789,11/16/2016,VACCINATIONS,5
S4-4013,11/16/2016,GROOMING,1
X0-8765,11/17/2016,VACCINATIONS,5
Z4-4045,11/17/2016,GROOMING,1
I5-4893,11/18/2016,VACCINATIONS,5
Q8-0954,11/18/2016,GENERAL SURGERIES,3
J0-7893,11/19/2016,VACCINATIONS,5
T0-3277,11/19/2016,VACCINATIONS,5
J1-6366,11/19/2016,VACCINATIONS,5
T0-3277,11/19/2016,VACCINATIONS,5
X0-8765,11/19/2016,VACCINATIONS,5
F2-3235,11/19/2016,GROOMING,3
Q8-0954,11/19/2016,ORTHOPEDIC,7
F2-3235,11/19/2016,GROOMING,3
N7-6805,11/19/2016,GROOMING,3
X7-2632,11/20/2016,VACCINATIONS,5
J6-8562,11/21/2016,VACCINATIONS,5
K4-5012,11/21/2016,VACCINATIONS,5
Q8-0954,11/21/2016,VACCINATIONS,5
P9-3625,11/21/2016,VACCINATIONS,5
T2-2142,11/21/2016,VACCINATIONS,5
J6-8562,11/21/2016,VACCINATIONS,5
N8-0553,11/21/2016,VACCINATIONS,5
G0-8531,11/21/2016,VACCINATIONS,5
J1-6366,11/21/2016,VACCINATIONS,5
H8-1429,11/21/2016,VACCINATIONS,5
U4-9376,11/21/2016,VACCINATIONS,5
G6-6501,11/21/2016,VACCINATIONS,5
U8-6473,11/21/2016,GENERAL SURGERIES,17
V2-4634,11/21/2016,GROOMING,1
U0-5987,11/21/2016,GENERAL SURGERIES,14
R3-7551,11/21/2016,GROOMING,3
U0-5987,11/21/2016,GROOMING,1
U4-6674,11/21/2016,GENERAL SURGERIES,3
Q2-3642,11/22/2016,ORTHOPEDIC,1
L0-6660,11/22/2016,VACCINATIONS,5
J1-6366,11/22/2016,VACCINATIONS,5
S4-2254,11/23/2016,VACCINATIONS,5
Q0-2001,11/23/2016,VACCINATIONS,5
J2-4382,11/23/2016,VACCINATIONS,1
U0-5987,11/23/2016,GENERAL SURGERIES,4
Q8-8753,11/24/2016,GROOMING,1
V7-6771,11/25/2016,GROOMING,3
M0-2904,11/26/2016,GENERAL SURGERIES,3
S4-4013,11/27/2016,VACCINATIONS,5
R3-7551,11/27/2016,VACCINATIONS,5
G0-8531,11/27/2016,GROOMING,3
F2-3235,11/27/2016,GROOMING,3
O6-3123,11/28/2016,VACCINATIONS,5
Q0-3593,11/28/2016,VACCINATIONS,5
S4-1063,11/28/2016,VACCINATIONS,5
W7-6372,11/29/2016,VACCINATIONS,5
U2-4205,11/29/2016,VACCINATIONS,5
M2-1131,11/29/2016,GENERAL SURGERIES,19
S5-5938,11/29/2016,GROOMING,3
O8-2501,11/30/2016,VACCINATIONS,5
Q2-3642,12/1/2016,VACCINATIONS,5
R7-4835,12/1/2016,VACCINATIONS,5
Z4-4045,12/1/2016,VACCINATIONS,5
Q0-2001,12/1/2016,VACCINATIONS,5
Q0-8904,12/1/2016,VACCINATIONS,5
N6-7350,12/1/2016,VACCINATIONS,5
S4-1063,12/1/2016,ORTHOPEDIC,5
F6-5391,12/1/2016,GROOMING,3
W9-8307,12/2/2016,VACCINATIONS,5
Z6-3226,12/2/2016,VACCINATIONS,5
O5-2472,12/2/2016,VACCINATIONS,5
Q8-3145,12/2/2016,VACCINATIONS,5
Q8-0954,12/2/2016,VACCINATIONS,5
R4-6131,12/2/2016,VACCINATIONS,5
H2-8586,12/2/2016,VACCINATIONS,5
Q8-8753,12/2/2016,VACCINATIONS,5
O6-3123,12/2/2016,VACCINATIONS,5
O5-2472,12/2/2016,VACCINATIONS,5
N8-0553,12/2/2016,VACCINATIONS,5
O5-2472,12/2/2016,ORTHOPEDIC,2
U2-7207,12/2/2016,ORTHOPEDIC,8
N7-6805,12/2/2016,GROOMING,1
Z6-3226,12/2/2016,GROOMING,1
X7-2632,12/2/2016,GENERAL SURGERIES,3
U8-6473,12/3/2016,VACCINATIONS,5
M4-9675,12/3/2016,VACCINATIONS,5
Z6-3226,12/3/2016,VACCINATIONS,5
Q2-3642,12/3/2016,VACCINATIONS,5
H8-1429,12/3/2016,VACCINATIONS,5
M8-7852,12/4/2016,GENERAL SURGERIES,17
F2-3235,12/4/2016,VACCINATIONS,5
P7-2443,12/4/2016,VACCINATIONS,5
F1-1855,12/4/2016,VACCINATIONS,5
S5-5938,12/4/2016,VACCINATIONS,5
U8-6473,12/4/2016,VACCINATIONS,5
X7-2632,12/4/2016,VACCINATIONS,5
L4-6292,12/4/2016,VACCINATIONS,5
U2-7207,12/4/2016,VACCINATIONS,5
N8-0553,12/4/2016,VACCINATIONS,5
N8-0553,12/4/2016,GROOMING,3
O1-7229,12/4/2016,GROOMING,1
Q2-3642,12/5/2016,VACCINATIONS,2
L4-9973,12/5/2016,VACCINATIONS,5
F6-5391,12/5/2016,VACCINATIONS,5
J8-7429,12/5/2016,VACCINATIONS,5
T2-2142,12/5/2016,VACCINATIONS,5
N8-0553,12/5/2016,VACCINATIONS,5
V7-6771,12/5/2016,VACCINATIONS,5
G4-8096,12/5/2016,VACCINATIONS,5
M2-1131,12/5/2016,VACCINATIONS,5
L8-0046,12/5/2016,VACCINATIONS,5
J2-4382,12/5/2016,VACCINATIONS,5
J2-4382,12/5/2016,VACCINATIONS,5
F6-5391,12/5/2016,VACCINATIONS,5
W8-5750,12/5/2016,GROOMING,1
L4-2594,12/5/2016,ORTHOPEDIC,3
O5-2472,12/5/2016,GENERAL SURGERIES,10
O6-3123,12/5/2016,GENERAL SURGERIES,9
N8-0553,12/5/2016,VACCINATIONS,5
M0-2904,12/5/2016,GROOMING,3
X0-8765,12/5/2016,GROOMING,3
O3-1895,12/5/2016,GROOMING,3
I5-4893,12/5/2016,GROOMING,3
W8-5750,12/5/2016,GROOMING,3
U6-4890,12/5/2016,GROOMING,1
V4-6172,12/5/2016,GROOMING,1
J2-4382,12/5/2016,GENERAL SURGERIES,3
L8-0046,12/6/2016,VACCINATIONS,5
V7-6771,12/7/2016,VACCINATIONS,5
O5-2472,12/7/2016,VACCINATIONS,5
Q5-5872,12/7/2016,VACCINATIONS,5
V4-6172,12/7/2016,VACCINATIONS,5
M8-7852,12/7/2016,VACCINATIONS,5
G9-0817,12/7/2016,VACCINATIONS,5
R3-7551,12/7/2016,VACCINATIONS,5
U6-4890,12/7/2016,VACCINATIONS,5
S4-0789,12/7/2016,VACCINATIONS,5
O8-2501,12/7/2016,VACCINATIONS,5
O6-3123,12/7/2016,VACCINATIONS,5
Q0-2001,12/7/2016,GENERAL SURGERIES,3
J6-8562,12/7/2016,GROOMING,3
K4-5012,12/7/2016,GROOMING,3
G6-6501,12/8/2016,VACCINATIONS,5
U6-4890,12/8/2016,VACCINATIONS,5
K4-5012,12/8/2016,VACCINATIONS,5
O3-1895,12/8/2016,VACCINATIONS,5
G0-7675,12/8/2016,VACCINATIONS,5
T8-1754,12/8/2016,VACCINATIONS,5
O5-2472,12/8/2016,GENERAL SURGERIES,17
K0-8177,12/8/2016,GENERAL SURGERIES,13
W8-5750,12/8/2016,GENERAL SURGERIES,4
N6-7350,12/8/2016,GROOMING,1
M2-1131,12/9/2016,ORTHOPEDIC,2
V7-6771,12/9/2016,VACCINATIONS,5
J2-4382,12/9/2016,VACCINATIONS,5
S4-9578,12/9/2016,VACCINATIONS,5
V5-2342,12/9/2016,VACCINATIONS,5
J6-8562,12/9/2016,GROOMING,1
O8-2501,12/9/2016,GROOMING,1
G6-6501,12/10/2016,VACCINATIONS,5
P1-2578,12/10/2016,VACCINATIONS,5
U4-6674,12/10/2016,VACCINATIONS,5
Q9-1565,12/10/2016,VACCINATIONS,5
X8-8611,12/10/2016,VACCINATIONS,5
S4-9578,12/10/2016,VACCINATIONS,5
P7-2443,12/10/2016,VACCINATIONS,5
F1-1855,12/10/2016,VACCINATIONS,5
J6-8562,12/10/2016,VACCINATIONS,5
N6-7350,12/10/2016,VACCINATIONS,5
X6-4876,12/10/2016,VACCINATIONS,5
M4-9675,12/10/2016,OFFICE FEES,1
O8-0027,12/10/2016,GENERAL SURGERIES,19
U4-9376,12/10/2016,GENERAL SURGERIES,19
X8-9212,12/10/2016,GENERAL SURGERIES,14
L4-6292,12/10/2016,VACCINATIONS,6
F6-5391,12/10/2016,ORTHOPEDIC,1
U4-5113,12/10/2016,GROOMING,3
X8-8611,12/10/2016,GROOMING,3
W8-5750,12/10/2016,GROOMING,3
X8-9212,12/10/2016,GROOMING,3
Q0-3593,12/10/2016,GROOMING,3
F6-5391,12/10/2016,GROOMING,1
P2-7342,12/10/2016,GROOMING,1
J0-7893,12/10/2016,GROOMING,1
L0-6660,12/10/2016,GROOMING,1
Z4-5652,12/10/2016,GROOMING,1
Q8-0954,12/10/2016,GROOMING,1
Q8-0954,12/11/2016,GENERAL SURGERIES,1
U4-5113,12/11/2016,VACCINATIONS,5
X8-9212,12/11/2016,VACCINATIONS,5
L8-9022,12/11/2016,GENERAL SURGERIES,12
T0-3277,12/12/2016,VACCINATIONS,5
L4-6292,12/13/2016,VACCINATIONS,5
S1-2243,12/14/2016,VACCINATIONS,5
X0-8765,12/14/2016,VACCINATIONS,5
U4-6674,12/14/2016,HOSPITALIZATION,1
X8-8611,12/14/2016,GROOMING,3
O8-2501,12/15/2016,VACCINATIONS,5
O5-2472,12/15/2016,VACCINATIONS,5
Q0-3593,12/15/2016,VACCINATIONS,5
G0-8531,12/15/2016,VACCINATIONS,5
H8-8856,12/15/2016,VACCINATIONS,5
P1-2578,12/15/2016,GROOMING,3
S5-5938,12/15/2016,GROOMING,1
X6-4876,12/15/2016,GENERAL SURGERIES,3
N6-7350,12/16/2016,VACCINATIONS,5
S4-0789,12/16/2016,VACCINATIONS,5
O8-0027,12/16/2016,VACCINATIONS,5
M4-9675,12/16/2016,VACCINATIONS,5
J2-3320,12/16/2016,VACCINATIONS,5
Q8-3145,12/16/2016,VACCINATIONS,5
Z4-5652,12/16/2016,VACCINATIONS,5
O8-2501,12/16/2016,VACCINATIONS,5
M8-7852,12/16/2016,VACCINATIONS,5
O1-7229,12/16/2016,VACCINATIONS,5
X8-8611,12/16/2016,VACCINATIONS,5
O8-0027,12/17/2016,VACCINATIONS,5
J2-3320,12/18/2016,VACCINATIONS,5
O8-0027,12/18/2016,VACCINATIONS,5
O8-2501,12/18/2016,VACCINATIONS,5
K0-8177,12/18/2016,VACCINATIONS,5
V7-6771,12/18/2016,VACCINATIONS,5
L4-4030,12/18/2016,VACCINATIONS,5
J8-7429,12/18/2016,VACCINATIONS,5
M2-1131,12/18/2016,GENERAL SURGERIES,15
U2-7207,12/18/2016,GENERAL SURGERIES,9
V2-4634,12/19/2016,VACCINATIONS,5
L4-2594,12/19/2016,VACCINATIONS,5
X6-4876,12/19/2016,VACCINATIONS,3
T2-2142,12/20/2016,VACCINATIONS,5
Q0-3593,12/20/2016,VACCINATIONS,5
F6-5391,12/20/2016,GROOMING,3
Z6-3226,12/21/2016,VACCINATIONS,5
Q8-0954,12/21/2016,VACCINATIONS,5
N8-0553,12/21/2016,VACCINATIONS,5
L4-4205,12/21/2016,VACCINATIONS,5
N6-7350,12/21/2016,VACCINATIONS,5
Q0-3593,12/21/2016,VACCINATIONS,5
X8-9212,12/21/2016,VACCINATIONS,5
X8-9212,12/21/2016,GENERAL SURGERIES,1
Z8-4419,12/21/2016,ORTHOPEDIC,5
M2-1131,12/21/2016,GROOMING,1
I7-9550,12/22/2016,GENERAL SURGERIES,6
J8-7429,12/22/2016,VACCINATIONS,5
V7-6771,12/22/2016,VACCINATIONS,5
S4-0789,12/22/2016,VACCINATIONS,5
T8-1754,12/22/2016,VACCINATIONS,5
S4-4013,12/22/2016,VACCINATIONS,5
V4-6172,12/22/2016,VACCINATIONS,5
U4-6674,12/22/2016,VACCINATIONS,5
F1-1855,12/22/2016,VACCINATIONS,5
U4-5113,12/22/2016,VACCINATIONS,5
Q9-1565,12/22/2016,VACCINATIONS,5
S5-5938,12/22/2016,HOSPITALIZATION,1
G0-7675,12/22/2016,GENERAL SURGERIES,4
S4-4013,12/22/2016,VACCINATIONS,2
I6-9459,12/22/2016,GENERAL SURGERIES,2
Q0-3593,12/22/2016,GROOMING,3
N8-0553,12/22/2016,GROOMING,1
G9-0817,12/22/2016,GROOMING,1
L4-6292,12/23/2016,VACCINATIONS,5
Q5-5872,12/23/2016,VACCINATIONS,5
K0-8177,12/23/2016,VACCINATIONS,5
I2-7926,12/23/2016,VACCINATIONS,5
P7-2443,12/23/2016,VACCINATIONS,5
T0-5705,12/23/2016,VACCINATIONS,5
O3-1895,12/24/2016,GROOMING,3
L8-0046,12/25/2016,VACCINATIONS,5
S4-9578,12/26/2016,VACCINATIONS,5
O8-0027,12/26/2016,VACCINATIONS,5
P7-2443,12/27/2016,GROOMING,1
J8-7429,12/27/2016,VACCINATIONS,5
Q4-9479,12/27/2016,VACCINATIONS,5
U2-7207,12/27/2016,VACCINATIONS,5
W9-8307,12/27/2016,VACCINATIONS,5
V5-2342,12/27/2016,VACCINATIONS,5
L0-6660,12/27/2016,VACCINATIONS,5
I7-9550,12/27/2016,VACCINATIONS,5
Q2-3642,12/27/2016,VACCINATIONS,5
I2-7926,12/27/2016,VACCINATIONS,5
U0-5987,12/27/2016,VACCINATIONS,5
Z6-3226,12/27/2016,ORTHOPEDIC,3
S5-5938,12/27/2016,GROOMING,3
S4-9578,12/28/2016,VACCINATIONS,5
S4-2254,12/28/2016,VACCINATIONS,5
M0-2904,12/28/2016,VACCINATIONS,5
X8-8611,12/28/2016,VACCINATIONS,5
W8-5750,12/28/2016,VACCINATIONS,5
L0-6660,12/28/2016,VACCINATIONS,5
X0-8765,12/28/2016,VACCINATIONS,5
L0-6660,12/28/2016,VACCINATIONS,5
X8-8611,12/28/2016,VACCINATIONS,5
V2-4634,12/28/2016,VACCINATIONS,5
L0-6660,12/28/2016,VACCINATIONS,5
Q0-8904,12/28/2016,GENERAL SURGERIES,8
P0-1725,12/28/2016,GROOMING,3
R4-6131,12/28/2016,GROOMING,1
G6-6501,12/28/2016,GROOMING,1
M4-9675,12/28/2016,GROOMING,1
U6-4890,12/28/2016,GROOMING,1
I5-4893,12/28/2016,GROOMING,1
O5-2472,12/28/2016,GROOMING,1
J6-8562,12/28/2016,GENERAL SURGERIES,3
Z4-4045,12/29/2016,GENERAL SURGERIES,7
I6-9459,12/29/2016,VACCINATIONS,5
M4-9675,12/29/2016,GENERAL SURGERIES,17
J8-7429,12/30/2016,VACCINATIONS,5
J1-6366,12/30/2016,VACCINATIONS,5
L8-0046,12/30/2016,VACCINATIONS,5
Q9-1565,12/30/2016,VACCINATIONS,5
X7-2632,12/30/2016,ORTHOPEDIC,3
Q0-8904,12/31/2016,VACCINATIONS,5
R4-6131,12/31/2016,VACCINATIONS,5
